x0,y0,x1,y1,x2,y2,x3,y3
"(430.5, 333.0)","(680.0, 61.0)","(859.0, 380.5)"
"(427.5, 328.0)","(683.0, 68.0)","(858.0, 379.0)"
"(430.5, 321.0)","(690.0, 75.5)","(857.5, 377.5)"
"(432.5, 321.0)","(694.0, 82.5)","(855.5, 378.5)"
"(435.0, 320.5)","(699.0, 89.0)","(851.0, 381.0)"
"(436.5, 320.5)","(702.5, 97.0)","(851.5, 381.0)"
"(439.5, 321.5)","(710.0, 104.5)","(854.0, 381.5)"
"(443.0, 320.0)","(713.0, 110.5)","(856.0, 378.5)"
"(445.5, 318.5)","(718.0, 117.5)","(858.0, 379.0)"
"(447.0, 316.5)","(722.0, 124.5)","(860.0, 378.5)"
"(450.5, 316.0)","(729.5, 132.5)","(861.5, 379.0)"
"(451.0, 314.0)","(733.0, 138.0)","(862.0, 378.5)"
"(453.0, 314.0)","(737.5, 144.0)","(863.0, 379.0)"
"(455.0, 313.0)","(742.0, 152.0)","(863.5, 377.5)"
"(455.5, 311.0)","(747.0, 158.0)","(865.0, 376.5)"
"(457.5, 309.5)","(750.5, 165.5)","(866.5, 377.0)"
"(458.0, 308.0)","(754.0, 169.0)","(867.5, 375.0)"
"(458.5, 306.5)","(758.0, 176.0)","(869.5, 373.0)"
"(460.0, 304.5)","(761.5, 182.0)","(870.0, 371.5)"
"(461.5, 303.0)","(766.0, 190.5)","(871.0, 370.5)"
"(462.0, 304.0)","(767.5, 196.5)","(872.5, 369.0)"
"(463.0, 302.5)","(771.5, 203.0)","(874.0, 369.0)"
"(464.0, 302.0)","(776.5, 209.0)","(873.0, 369.0)"
"(465.5, 299.0)","(777.5, 215.0)","(873.0, 368.5)"
"(466.0, 298.0)","(781.0, 221.5)","(872.0, 367.0)"
"(467.5, 298.5)","(785.0, 225.5)","(871.0, 366.0)"
"(469.0, 300.0)","(789.5, 233.5)","(870.0, 365.0)"
"(470.0, 301.5)","(793.0, 238.5)","(869.5, 362.5)"
"(471.0, 303.0)","(796.5, 245.5)","(869.0, 360.0)"
"(472.5, 306.0)","(800.5, 251.5)","(868.5, 359.5)"
"(474.0, 308.5)","(803.5, 258.0)","(866.5, 357.0)"
"(476.0, 311.0)","(806.5, 266.0)","(865.0, 353.5)"
"(477.5, 313.0)","(809.5, 271.5)","(864.5, 349.5)"
"(479.5, 313.5)","(813.0, 277.0)","(862.5, 348.5)"
"(481.0, 314.0)","(815.5, 285.5)","(862.0, 344.5)"
"(481.0, 317.0)","(819.5, 292.0)","(860.0, 338.0)"
"(481.5, 318.5)","(821.5, 298.0)","(856.0, 334.5)"
"(482.0, 322.5)","(826.0, 306.0)","(850.5, 330.5)"
"(481.5, 325.5)","(829.0, 314.5)","(848.5, 328.5)"
"(481.0, 330.5)","(835.0, 319.5)","(849.5, 327.0)"
"(481.0, 333.5)","(840.5, 319.5)","(848.0, 327.0)"
"(481.5, 335.5)","(842.0, 321.0)","(845.5, 325.0)"
"(480.0, 339.0)","(843.0, 322.0)","(846.5, 322.0)"
"(480.5, 341.5)","(843.5, 318.5)","(845.0, 318.5)"
"(479.5, 343.5)","(843.5, 314.0)","(845.0, 313.0)"
"(479.5, 347.0)","(840.5, 309.5)","(844.5, 310.5)"
"(479.0, 349.0)","(838.5, 306.5)","(840.5, 310.0)"
"(478.5, 351.5)","(837.0, 303.5)","(839.0, 307.5)"
"(477.0, 354.5)","(836.5, 299.5)","(836.0, 307.0)"
"(474.5, 356.5)","(833.5, 297.5)","(833.5, 305.5)"
"(472.5, 360.0)","(833.5, 295.0)","(833.0, 303.0)"
"(473.0, 366.0)","(832.0, 289.5)","(834.0, 300.0)"
"(472.0, 372.0)","(830.0, 286.5)","(834.5, 296.5)"
"(471.0, 377.5)","(828.5, 284.0)","(833.0, 294.5)"
"(469.5, 381.5)","(827.0, 281.5)","(830.5, 290.5)"
"(469.5, 385.0)","(826.0, 278.5)","(829.0, 287.5)"
"(470.0, 391.0)","(826.0, 275.5)","(825.5, 282.5)"
"(471.0, 397.0)","(824.5, 274.0)","(823.5, 279.5)"
"(469.5, 406.0)","(824.0, 268.0)","(824.0, 277.5)"
"(468.0, 412.5)","(823.0, 264.0)","(825.0, 274.5)"
"(467.0, 416.5)","(823.5, 260.0)","(825.0, 269.5)"
"(466.0, 420.0)","(823.5, 255.5)","(826.5, 263.5)"
"(466.5, 425.5)","(824.5, 253.5)","(827.0, 258.0)"
"(466.5, 430.0)","(824.5, 250.5)","(826.5, 254.0)"
"(468.0, 435.5)","(825.0, 248.0)","(826.5, 249.0)"
"(467.5, 440.5)","(825.0, 243.0)","(826.5, 245.5)"
"(469.0, 445.0)","(825.5, 239.5)","(827.0, 243.0)"
"(469.5, 449.5)","(827.0, 240.0)","(826.5, 242.0)"
"(470.0, 455.5)","(827.5, 239.5)","(827.0, 241.5)"
"(470.5, 460.0)","(826.0, 239.0)","(826.0, 241.5)"
"(470.5, 461.5)","(826.0, 238.0)","(826.5, 241.5)"
"(470.0, 463.0)","(826.5, 237.5)","(826.5, 240.5)"
"(471.0, 467.5)","(827.5, 235.5)","(826.0, 238.0)"
"(471.5, 474.0)","(827.5, 234.5)","(826.0, 235.0)"
"(473.5, 480.5)","(827.0, 234.5)","(825.0, 235.0)"
"(472.0, 486.5)","(827.0, 234.5)","(826.0, 234.0)"
"(470.5, 493.5)","(826.5, 233.0)","(826.5, 233.5)"
"(469.5, 502.5)","(826.0, 233.0)","(826.0, 231.5)"
"(470.0, 509.0)","(826.5, 231.5)","(826.0, 231.5)"
"(469.5, 514.0)","(827.5, 231.0)","(827.5, 231.0)"
"(468.5, 520.5)","(826.5, 227.5)","(826.5, 227.5)"
"(467.5, 526.0)","(827.0, 223.5)","(828.0, 224.5)"
"(466.5, 531.0)","(828.0, 220.5)","(828.0, 221.0)"
"(463.0, 535.5)","(827.0, 218.5)","(827.0, 219.5)"
"(462.0, 540.0)","(828.0, 217.5)","(828.0, 217.5)"
"(459.0, 544.0)","(827.5, 216.0)","(828.0, 218.5)"
"(457.5, 546.0)","(827.5, 214.0)","(826.0, 215.0)"
"(456.0, 548.0)","(825.0, 212.5)","(824.5, 213.5)"
"(453.5, 553.0)","(822.5, 210.5)","(822.5, 212.0)"
"(452.5, 560.0)","(821.0, 209.0)","(820.0, 210.5)"
"(454.5, 568.0)","(818.0, 206.0)","(817.0, 207.5)"
"(457.0, 577.5)","(813.5, 203.5)","(814.0, 204.5)"
"(458.0, 582.0)","(811.0, 201.5)","(812.0, 201.0)"
"(458.5, 586.0)","(808.0, 200.0)","(809.0, 200.5)"
"(461.0, 589.5)","(806.0, 195.5)","(806.5, 195.5)"
"(464.5, 593.0)","(801.0, 192.5)","(802.5, 193.0)"
"(468.5, 597.0)","(797.0, 189.0)","(796.5, 190.5)"
"(469.5, 601.0)","(792.0, 186.0)","(793.0, 186.5)"
"(472.0, 602.0)","(787.0, 182.5)","(788.0, 183.0)"
"(474.0, 603.0)","(783.5, 181.0)","(784.0, 182.0)"
"(474.5, 606.5)","(781.0, 179.0)","(780.5, 177.5)"
"(474.0, 610.0)","(777.0, 174.0)","(776.0, 174.5)"
"(473.5, 612.0)","(771.5, 171.5)","(771.5, 170.5)"
"(473.5, 613.5)","(767.0, 169.5)","(766.5, 167.5)"
"(473.5, 615.5)","(762.5, 165.0)","(762.5, 165.5)"
"(475.0, 618.5)","(759.0, 162.5)","(759.0, 163.0)"
"(472.5, 622.0)","(754.5, 159.5)","(754.0, 160.5)"
"(473.5, 625.0)","(749.0, 158.0)","(748.5, 157.5)"
"(471.0, 629.0)","(744.0, 155.0)","(744.0, 155.0)"
"(471.0, 635.0)","(737.0, 151.0)","(737.5, 151.5)"
"(471.5, 640.0)","(729.5, 147.5)","(730.5, 146.5)"
"(473.0, 644.0)","(723.0, 142.5)","(722.0, 142.5)"
"(474.0, 647.5)","(712.0, 137.0)","(711.5, 136.5)"
"(472.5, 650.5)","(703.5, 132.5)","(703.5, 132.5)"
"(471.5, 654.5)","(697.0, 128.0)","(697.0, 128.5)"
"(470.5, 659.0)","(691.5, 126.0)","(693.5, 126.5)"
"(472.0, 663.5)","(687.0, 125.0)","(689.0, 124.5)"
"(470.5, 666.5)","(683.5, 120.5)","(683.0, 120.5)"
"(471.0, 669.0)","(678.5, 116.0)","(678.5, 116.0)"
"(471.5, 672.0)","(675.5, 112.0)","(675.0, 112.0)"
"(472.0, 673.5)","(673.0, 110.0)","(673.0, 109.0)"
"(473.5, 677.0)","(671.0, 107.5)","(670.5, 106.5)"
"(477.0, 680.5)","(665.5, 105.0)","(666.5, 104.0)"
"(480.0, 682.5)","(659.0, 101.0)","(660.0, 100.0)"
"(480.5, 684.0)","(652.0, 96.0)","(652.0, 95.5)"
"(480.0, 688.0)","(643.0, 92.5)","(642.5, 92.0)"
"(482.5, 694.0)","(633.0, 90.0)","(633.5, 90.0)"
"(482.0, 698.5)","(627.0, 90.0)","(626.0, 88.0)"
"(482.5, 702.5)","(621.5, 89.0)","(621.5, 88.0)"
"(483.0, 705.0)","(618.0, 83.5)","(617.0, 84.5)"
"(484.0, 707.0)","(614.0, 81.0)","(613.0, 82.0)"
"(485.5, 708.5)","(608.5, 79.0)","(608.5, 80.0)"
"(488.0, 712.0)","(604.0, 77.5)","(603.0, 77.0)"
"(491.5, 712.5)","(600.5, 74.5)","(600.0, 75.5)"
"(492.5, 713.0)","(594.5, 74.5)","(594.5, 74.5)"
"(492.0, 713.0)","(586.0, 75.0)","(585.5, 74.5)"
"(493.0, 713.0)","(577.5, 70.5)","(577.0, 70.5)"
"(493.5, 715.0)","(570.0, 69.0)","(569.0, 69.0)"
"(494.5, 716.0)","(562.0, 65.5)","(562.0, 66.0)"
"(494.0, 717.5)","(554.0, 64.0)","(553.5, 65.5)"
"(494.0, 721.0)","(548.0, 63.5)","(548.0, 64.0)"
"(494.0, 724.0)","(543.0, 64.5)","(543.0, 64.0)"
"(497.5, 725.0)","(537.0, 63.0)","(537.0, 63.5)"
"(498.5, 726.0)","(533.0, 63.5)","(532.5, 63.5)"
"(499.5, 726.5)","(527.0, 64.5)","(526.5, 64.5)"
"(500.0, 728.0)","(521.0, 66.0)","(522.0, 66.0)"
"(502.0, 729.0)","(515.0, 70.0)","(515.0, 69.0)"
"(502.5, 730.0)","(510.5, 73.5)","(510.0, 72.0)"
"(505.0, 730.5)","(505.0, 74.5)","(504.5, 75.0)"
"(506.0, 731.0)","(499.0, 78.0)","(499.0, 78.0)"
"(507.0, 732.5)","(494.0, 80.0)","(494.0, 81.0)"
"(511.0, 735.0)","(491.0, 83.5)","(491.0, 84.0)"
"(511.5, 738.0)","(488.0, 86.0)","(487.5, 85.5)"
"(512.5, 741.0)","(486.0, 89.0)","(486.5, 89.0)"
"(514.5, 741.0)","(483.5, 91.5)","(483.0, 91.0)"
"(515.0, 743.0)","(481.0, 94.0)","(481.0, 94.0)"
"(519.0, 738.5)","(476.5, 97.0)","(477.5, 97.5)"
"(522.0, 739.5)","(473.0, 102.0)","(473.0, 101.5)"
"(523.0, 738.5)","(469.0, 108.0)","(469.5, 107.0)"
"(524.5, 737.0)","(464.5, 110.5)","(466.5, 112.5)"
"(527.0, 735.0)","(462.0, 117.0)","(462.0, 116.0)"
"(531.0, 734.0)","(459.5, 121.5)","(460.5, 120.5)"
"(534.5, 734.5)","(459.0, 122.5)","(458.0, 122.5)"
"(537.5, 732.5)","(457.5, 123.5)","(456.5, 123.5)"
"(539.0, 733.5)","(454.0, 125.0)","(453.5, 125.0)"
"(541.5, 733.5)","(451.0, 129.5)","(451.5, 130.0)"
"(544.5, 732.5)","(451.0, 134.5)","(450.5, 135.0)"
"(548.0, 733.5)","(450.0, 138.5)","(450.5, 139.0)"
"(553.0, 733.0)","(449.0, 143.5)","(448.5, 143.5)"
"(557.0, 732.0)","(447.5, 146.5)","(447.5, 146.5)"
"(558.5, 734.0)","(447.0, 154.0)","(447.5, 154.0)"
"(562.5, 736.5)","(447.5, 158.5)","(447.0, 158.5)"
"(567.5, 737.5)","(446.5, 163.0)","(446.0, 164.0)"
"(570.0, 736.0)","(446.0, 166.5)","(446.0, 166.5)"
"(573.0, 733.0)","(446.0, 167.0)","(446.0, 167.5)"
"(576.0, 733.0)","(447.0, 170.0)","(446.5, 170.5)"
"(578.5, 732.0)","(445.5, 172.0)","(445.5, 172.0)"
"(585.5, 736.0)","(444.0, 175.5)","(444.0, 176.0)"
"(588.5, 740.5)","(442.0, 180.5)","(442.0, 179.5)"
"(592.0, 741.0)","(441.5, 181.5)","(442.0, 184.0)"
"(596.0, 743.5)","(442.0, 187.0)","(442.0, 186.0)"
"(599.0, 747.5)","(442.5, 191.0)","(442.0, 190.0)"
"(601.5, 749.0)","(443.5, 193.5)","(443.5, 195.0)"
"(605.5, 750.5)","(443.0, 198.0)","(442.5, 198.0)"
"(607.0, 754.0)","(442.0, 200.5)","(442.0, 201.5)"
"(610.5, 754.0)","(441.5, 204.0)","(441.0, 205.0)"
"(614.0, 751.0)","(440.5, 208.0)","(440.0, 207.0)"
"(617.5, 750.5)","(440.5, 209.5)","(440.5, 209.0)"
"(622.0, 749.0)","(441.0, 212.0)","(441.0, 211.0)"
"(626.0, 753.0)","(442.5, 215.0)","(442.5, 214.0)"
"(632.0, 754.5)","(443.5, 218.0)","(442.5, 217.5)"
"(635.0, 759.0)","(444.5, 220.5)","(444.0, 221.0)"
"(637.5, 760.0)","(444.0, 221.5)","(444.5, 221.5)"
"(639.5, 761.5)","(444.5, 226.0)","(445.0, 226.5)"
"(642.5, 763.5)","(448.0, 229.5)","(447.0, 230.5)"
"(644.0, 766.5)","(448.0, 230.5)","(449.0, 231.5)"
"(646.5, 769.5)","(449.0, 231.5)","(449.0, 232.0)"
"(646.0, 778.5)","(449.0, 232.5)","(448.5, 233.0)"
"(649.0, 785.5)","(450.0, 234.0)","(449.5, 234.0)"
"(655.0, 791.5)","(450.5, 236.5)","(450.5, 236.0)"
"(657.5, 800.0)","(452.0, 239.0)","(452.0, 239.5)"
"(663.0, 813.0)","(453.5, 242.5)","(452.5, 243.0)"
"(666.0, 822.5)","(454.0, 247.0)","(454.0, 247.0)"
"(665.5, 821.0)","(454.5, 252.5)","(455.0, 252.0)"
"(668.5, 826.0)","(457.5, 257.0)","(457.5, 257.0)"
"(668.0, 827.0)","(460.5, 260.5)","(459.0, 261.5)"
"(674.0, 821.0)","(461.5, 266.5)","(460.5, 265.0)"
"(676.5, 826.5)","(463.0, 270.0)","(463.0, 270.0)"
"(676.5, 827.5)","(465.5, 273.5)","(466.5, 274.0)"
"(683.0, 828.0)","(468.5, 276.0)","(468.5, 276.5)"
"(686.0, 829.0)","(471.0, 279.0)","(471.0, 279.5)"
"(688.5, 840.0)","(474.5, 282.5)","(474.5, 283.0)"
"(692.0, 862.5)","(478.5, 286.5)","(478.0, 287.0)"
"(695.0, 844.0)","(481.0, 290.0)","(481.5, 290.0)"
"(694.5, 875.0)","(484.5, 294.0)","(484.0, 294.5)"
"(695.0, 889.5)","(484.5, 299.5)","(485.0, 300.0)"
"(697.5, 933.0)","(486.5, 307.0)","(485.5, 307.5)"
"(699.0, 933.5)","(487.0, 308.0)","(486.5, 308.0)"
"(696.0, 974.5)","(486.5, 310.0)","(487.5, 309.5)"
"(694.0, 1015.5)","(488.0, 314.0)","(488.0, 314.0)"
"(694.0, 1040.5)","(489.0, 316.0)","(489.5, 316.0)"
"(695.5, 1075.5)","(491.5, 318.0)","(491.0, 317.5)"
"(695.5, 1096.0)","(492.5, 321.5)","(492.5, 321.5)"
"(700.0, 1111.0)","(494.0, 323.0)","(494.0, 323.0)"
"(697.5, 1173.0)","(495.5, 328.0)","(494.0, 328.0)"
"(701.5, 1208.0)","(495.5, 332.0)","(495.5, 332.5)"
"(702.5, 1236.5)","(499.0, 337.0)","(496.5, 338.0)"
"(702.0, 1312.5)","(502.0, 344.5)","(500.5, 345.0)"
"(704.5, 1379.0)","(505.0, 350.5)","(504.0, 350.5)"
"(700.5, 1463.5)","(507.0, 354.5)","(507.0, 354.0)"
"(702.5, 1537.5)","(510.0, 360.5)","(508.5, 360.0)"
"(705.0, 1641.0)","(509.0, 364.5)","(509.5, 365.0)"
"(707.0, 1729.5)","(509.0, 368.0)","(509.5, 368.0)"
"(707.0, 1759.0)","(510.0, 372.0)","(509.5, 371.5)"
"(704.5, 1827.5)","(509.5, 375.0)","(509.0, 373.5)"
"(705.5, 1732.0)","(509.5, 377.0)","(509.0, 377.0)"
"(708.0, 1782.5)","(509.0, 380.5)","(510.5, 381.0)"
"(712.0, 1306.5)","(509.5, 385.0)","(510.0, 384.5)"
"(714.0, 1249.5)","(509.0, 388.5)","(509.0, 387.5)"
"(715.5, 1317.0)","(508.5, 394.0)","(507.0, 392.5)"
"(725.0, 1035.0)","(507.0, 399.0)","(507.5, 400.0)"
"(721.5, 893.5)","(504.5, 403.5)","(506.5, 404.0)"
"(720.0, 894.0)","(504.5, 406.0)","(504.5, 406.5)"
"(720.0, 737.0)","(502.5, 409.5)","(502.5, 409.5)"
"(714.0, 498.5)","(499.0, 414.0)","(499.5, 415.5)"
"(714.5, 346.0)","(497.5, 417.5)","(498.5, 418.5)"
"(713.5, 232.0)","(495.5, 421.5)","(497.0, 422.0)"
"(714.5, 166.0)","(494.5, 423.5)","(494.5, 424.0)"
"(715.5, 143.5)","(492.5, 427.5)","(493.0, 428.5)"
"(717.5, 151.5)","(491.0, 429.0)","(491.5, 430.5)"
"(720.0, 270.0)","(491.5, 425.5)","(491.0, 429.5)"
"(722.5, 355.0)","(488.0, 425.5)","(489.0, 427.0)"
"(734.0, 351.0)","(483.0, 426.0)","(482.5, 427.5)"
"(750.0, 342.0)","(478.0, 429.5)","(479.0, 429.5)"
"(763.0, 473.5)","(475.5, 433.0)","(475.0, 433.0)"
"(773.0, 486.5)","(471.5, 437.5)","(471.0, 437.5)"
"(780.5, 463.5)","(469.5, 442.5)","(468.5, 441.5)"
"(780.0, 478.5)","(467.5, 446.0)","(466.5, 444.5)"
"(781.0, 476.0)","(466.0, 445.5)","(465.5, 446.0)"
"(782.0, 493.5)","(465.5, 448.0)","(465.0, 448.5)"
"(781.0, 509.0)","(463.0, 449.5)","(463.5, 450.5)"
"(783.0, 514.0)","(459.0, 452.5)","(460.0, 452.5)"
"(784.5, 519.5)","(456.0, 455.5)","(456.5, 456.0)"
"(786.0, 508.5)","(452.5, 457.5)","(453.0, 457.5)"
"(783.5, 512.5)","(450.5, 460.0)","(451.5, 459.0)"
"(784.5, 529.5)","(450.5, 461.0)","(449.0, 461.5)"
"(782.5, 525.5)","(448.0, 461.5)","(448.5, 462.0)"
"(780.5, 504.5)","(445.5, 462.0)","(446.0, 462.0)"
"(782.5, 477.5)","(443.5, 465.0)","(443.0, 465.0)"
"(779.0, 465.5)","(441.5, 466.5)","(441.5, 467.0)"
"(777.5, 447.0)","(440.0, 468.0)","(440.5, 468.0)"
"(776.0, 439.0)","(439.0, 468.0)","(439.5, 468.0)"
"(773.0, 431.5)","(440.0, 467.5)","(439.5, 468.0)"
"(770.0, 423.5)","(440.0, 467.5)","(440.5, 467.0)"
"(771.5, 416.0)","(441.0, 466.5)","(440.5, 467.0)"
"(774.0, 417.5)","(439.5, 465.5)","(439.5, 465.5)"
"(775.0, 420.5)","(439.0, 467.0)","(439.0, 467.0)"
"(777.0, 425.0)","(440.0, 468.5)","(439.5, 468.5)"
"(778.0, 424.5)","(439.5, 470.5)","(439.5, 471.0)"
"(778.5, 423.5)","(436.5, 475.5)","(436.5, 475.0)"
"(784.5, 424.0)","(434.0, 477.5)","(434.0, 477.5)"
"(785.5, 428.0)","(432.5, 481.5)","(432.0, 480.5)"
"(791.5, 423.0)","(431.0, 485.5)","(429.5, 485.0)"
"(797.0, 413.5)","(428.0, 488.5)","(428.5, 488.5)"
"(801.0, 414.5)","(427.0, 490.5)","(427.5, 490.0)"
"(811.5, 422.0)","(427.5, 491.0)","(427.5, 490.5)"
"(820.5, 435.0)","(427.5, 492.0)","(428.0, 491.0)"
"(834.5, 465.0)","(427.5, 493.0)","(428.5, 493.0)"
"(833.0, 481.5)","(429.0, 495.5)","(428.5, 494.0)"
"(831.5, 480.0)","(430.0, 495.5)","(430.0, 495.5)"
"(834.0, 481.0)","(430.5, 495.0)","(429.5, 495.5)"
"(836.0, 481.5)","(429.5, 495.0)","(429.5, 496.0)"
"(838.5, 481.0)","(431.0, 496.0)","(431.0, 496.0)"
"(841.0, 480.5)","(431.5, 498.0)","(432.0, 497.0)"
"(842.5, 480.5)","(433.5, 499.5)","(432.5, 499.0)"
"(845.5, 480.5)","(436.0, 500.5)","(435.0, 500.0)"
"(0.0, 0.0)","(0.0, 0.0)","(0.0, 0.0)"
x0,y0,x1,y1,x2,y2,x3,y3
"(643.5, 257.0)","(382.0, 194.5)","(597.0, 498.0)"
"(643.0, 258.5)","(384.0, 194.0)","(603.5, 495.5)"
"(644.0, 258.0)","(386.0, 191.0)","(605.0, 497.0)"
"(644.0, 258.0)","(387.5, 189.0)","(606.5, 498.5)"
"(645.5, 257.0)","(388.5, 184.5)","(606.5, 499.0)"
"(646.0, 255.5)","(390.0, 180.5)","(605.0, 500.5)"
"(646.0, 255.0)","(390.5, 180.5)","(603.5, 503.0)"
"(646.5, 254.0)","(389.5, 177.5)","(604.0, 502.5)"
"(646.0, 250.0)","(385.0, 172.0)","(604.0, 500.5)"
"(646.5, 248.0)","(384.5, 167.0)","(602.5, 497.0)"
"(647.0, 244.0)","(385.0, 162.5)","(600.0, 493.0)"
"(649.0, 242.0)","(384.5, 158.0)","(596.5, 490.0)"
"(651.0, 240.0)","(385.0, 156.0)","(590.0, 486.0)"
"(654.5, 236.5)","(384.0, 152.5)","(582.5, 481.5)"
"(658.5, 233.5)","(383.0, 149.0)","(580.0, 479.5)"
"(662.5, 231.0)","(382.0, 145.0)","(578.0, 476.5)"
"(664.0, 228.5)","(380.5, 142.0)","(577.0, 475.0)"
"(666.5, 226.5)","(379.0, 137.0)","(576.5, 473.0)"
"(668.0, 224.0)","(379.0, 134.5)","(576.5, 470.0)"
"(669.5, 221.0)","(377.5, 133.5)","(575.5, 468.0)"
"(670.0, 220.5)","(375.5, 129.0)","(575.0, 467.0)"
"(671.0, 217.0)","(375.0, 124.5)","(574.0, 464.5)"
"(671.0, 217.0)","(376.0, 121.5)","(573.5, 463.0)"
"(672.0, 213.5)","(376.5, 117.5)","(573.0, 461.5)"
"(672.5, 212.0)","(376.0, 113.0)","(572.5, 459.5)"
"(673.0, 208.0)","(374.5, 106.5)","(571.0, 458.0)"
"(674.0, 207.0)","(372.5, 102.0)","(569.0, 454.5)"
"(673.5, 203.5)","(370.5, 96.5)","(569.0, 452.5)"
"(673.0, 201.5)","(370.0, 92.0)","(567.5, 450.0)"
"(672.5, 198.5)","(369.5, 88.0)","(566.5, 448.5)"
"(673.0, 196.0)","(369.5, 83.5)","(565.0, 446.5)"
"(671.5, 194.0)","(370.0, 79.0)","(562.5, 444.0)"
"(667.5, 193.0)","(370.0, 75.0)","(561.5, 442.0)"
"(666.5, 191.5)","(368.5, 71.0)","(560.0, 440.0)"
"(666.5, 191.0)","(367.0, 67.5)","(559.0, 438.0)"
"(666.5, 188.5)","(365.5, 65.0)","(557.0, 438.0)"
"(666.5, 188.5)","(365.0, 62.0)","(555.5, 434.5)"
"(665.5, 190.0)","(365.5, 58.0)","(555.5, 434.5)"
"(665.0, 191.0)","(366.0, 55.5)","(554.0, 431.5)"
"(665.0, 193.0)","(366.5, 53.5)","(552.5, 431.0)"
"(664.0, 192.5)","(367.0, 51.5)","(552.5, 429.5)"
"(663.5, 191.0)","(369.0, 49.0)","(550.0, 425.5)"
"(662.5, 189.5)","(371.5, 48.5)","(549.5, 423.0)"
"(660.0, 186.5)","(372.5, 47.5)","(548.5, 420.0)"
"(656.5, 183.0)","(373.5, 46.0)","(548.5, 419.0)"
"(655.0, 179.0)","(376.0, 43.0)","(550.0, 418.0)"
"(652.5, 177.0)","(377.0, 39.0)","(551.0, 415.5)"
"(650.5, 174.0)","(378.5, 34.5)","(551.0, 413.0)"
"(651.0, 172.0)","(378.5, 32.5)","(553.5, 412.5)"
"(650.5, 170.5)","(380.0, 27.5)","(554.0, 410.0)"
"(650.0, 170.0)","(380.5, 27.0)","(555.0, 409.5)"
"(648.5, 166.5)","(379.5, 24.0)","(555.5, 407.0)"
"(649.0, 165.5)","(377.5, 23.5)","(557.5, 406.0)"
"(648.0, 163.0)","(378.0, 20.5)","(559.5, 404.5)"
"(646.0, 159.5)","(380.0, 19.0)","(561.0, 403.5)"
"(644.0, 157.5)","(381.5, 17.5)","(565.0, 405.0)"
"(644.0, 156.0)","(383.0, 16.5)","(569.0, 406.5)"
"(642.5, 152.5)","(385.0, 17.0)","(569.5, 409.0)"
"(640.5, 151.5)","(388.5, 21.0)","(573.0, 407.5)"
"(638.0, 151.0)","(394.5, 25.5)","(578.5, 407.0)"
"(637.0, 149.0)","(398.0, 25.5)","(580.5, 407.5)"
"(635.5, 148.5)","(400.0, 26.5)","(582.0, 407.5)"
"(635.5, 147.0)","(399.0, 27.0)","(583.0, 407.0)"
"(634.5, 146.5)","(398.0, 26.5)","(584.5, 406.5)"
"(635.0, 144.0)","(398.0, 26.5)","(588.0, 406.5)"
"(634.5, 143.0)","(398.5, 27.0)","(591.0, 408.5)"
"(634.0, 141.0)","(398.5, 26.5)","(592.0, 408.5)"
"(634.0, 138.5)","(398.5, 27.0)","(598.5, 410.5)"
"(633.5, 137.0)","(395.5, 27.5)","(604.0, 412.0)"
"(635.0, 136.5)","(393.5, 29.0)","(607.5, 411.5)"
"(634.5, 134.0)","(392.5, 30.5)","(609.0, 413.5)"
"(635.0, 132.0)","(392.0, 31.5)","(610.5, 415.0)"
"(635.5, 128.0)","(390.0, 31.0)","(610.5, 416.5)"
"(636.5, 125.0)","(388.0, 33.5)","(610.5, 418.0)"
"(636.5, 121.0)","(387.5, 35.0)","(611.5, 419.5)"
"(638.5, 118.0)","(387.0, 38.0)","(612.0, 421.0)"
"(637.5, 113.5)","(386.5, 39.0)","(615.5, 422.0)"
"(637.5, 110.5)","(385.5, 38.0)","(616.0, 422.5)"
"(637.5, 107.5)","(385.0, 39.5)","(617.0, 422.5)"
"(639.0, 107.0)","(384.5, 40.5)","(616.5, 421.5)"
"(639.5, 106.5)","(383.5, 38.5)","(615.5, 422.0)"
"(639.0, 105.5)","(383.5, 40.0)","(616.5, 423.5)"
"(641.0, 104.0)","(383.0, 40.0)","(617.0, 423.0)"
"(641.5, 104.0)","(382.5, 38.0)","(616.5, 422.5)"
"(641.0, 102.0)","(382.5, 36.0)","(618.0, 422.0)"
"(642.0, 100.5)","(382.0, 33.5)","(618.0, 422.0)"
"(641.0, 100.0)","(381.0, 35.5)","(618.5, 421.5)"
"(641.5, 97.5)","(380.5, 33.0)","(617.5, 421.5)"
"(642.0, 95.5)","(379.5, 30.5)","(618.5, 419.5)"
"(641.5, 92.5)","(380.5, 31.5)","(617.0, 418.0)"
"(641.0, 90.5)","(381.0, 33.0)","(615.5, 417.5)"
"(642.0, 88.0)","(379.0, 36.0)","(614.0, 416.5)"
"(642.0, 86.5)","(376.5, 39.5)","(613.5, 416.0)"
"(641.5, 85.0)","(374.5, 38.5)","(612.5, 414.5)"
"(641.0, 83.5)","(371.5, 41.5)","(611.0, 413.5)"
"(640.5, 83.5)","(368.0, 43.0)","(609.5, 412.0)"
"(640.5, 81.5)","(365.0, 43.5)","(608.5, 409.5)"
"(640.5, 81.0)","(364.5, 44.5)","(608.5, 408.0)"
"(642.0, 79.5)","(362.5, 44.0)","(606.0, 407.5)"
"(641.5, 78.0)","(361.5, 44.5)","(604.5, 402.5)"
"(641.5, 78.0)","(361.5, 44.5)","(602.0, 400.5)"
"(642.0, 77.5)","(361.5, 43.0)","(600.5, 398.0)"
"(641.5, 77.0)","(361.0, 43.0)","(597.5, 395.0)"
"(642.0, 76.5)","(360.5, 42.5)","(596.5, 392.5)"
"(640.5, 75.5)","(359.5, 43.5)","(595.0, 389.5)"
"(638.0, 74.5)","(359.0, 43.5)","(594.5, 387.5)"
"(638.0, 73.5)","(358.5, 42.0)","(594.0, 386.0)"
"(634.5, 72.5)","(357.5, 41.0)","(593.5, 387.5)"
"(633.0, 72.5)","(357.0, 39.0)","(591.5, 384.5)"
"(632.5, 73.5)","(356.5, 38.5)","(590.5, 381.5)"
"(630.5, 73.0)","(356.5, 38.0)","(589.5, 377.5)"
"(629.0, 73.0)","(355.5, 39.0)","(590.5, 375.5)"
"(628.5, 74.0)","(354.5, 38.0)","(589.0, 374.0)"
"(627.0, 74.5)","(353.5, 37.0)","(589.5, 373.5)"
"(628.5, 76.5)","(353.0, 37.5)","(589.5, 373.5)"
"(627.5, 78.0)","(352.5, 37.0)","(589.0, 372.5)"
"(627.0, 78.5)","(351.0, 36.5)","(588.0, 372.0)"
"(627.5, 80.5)","(351.0, 38.0)","(588.5, 371.5)"
"(627.0, 82.0)","(350.5, 36.5)","(587.0, 370.5)"
"(624.0, 83.5)","(350.0, 37.5)","(586.5, 370.0)"
"(620.5, 84.0)","(349.0, 38.0)","(585.5, 367.0)"
"(618.0, 83.5)","(349.0, 37.0)","(585.5, 367.0)"
"(617.0, 84.5)","(348.5, 38.0)","(585.5, 365.5)"
"(0.0, 0.0)","(0.0, 0.0)","(0.0, 0.0)"
x0,y0,x1,y1,x2,y2,x3,y3
"(643.5, 257.0)","(382.0, 194.5)","(597.0, 498.0)"
"(643.0, 258.5)","(384.0, 194.0)","(603.5, 495.5)"
"(644.0, 258.0)","(386.0, 191.0)","(605.0, 497.0)"
"(644.0, 258.0)","(387.5, 189.0)","(606.5, 498.5)"
"(645.5, 257.0)","(388.5, 184.5)","(606.5, 499.0)"
"(646.0, 255.5)","(390.0, 180.5)","(605.0, 500.5)"
"(646.0, 255.0)","(390.5, 180.5)","(603.5, 503.0)"
"(646.5, 254.0)","(389.5, 177.5)","(604.0, 502.5)"
"(646.0, 250.0)","(385.0, 172.0)","(604.0, 500.5)"
"(646.5, 248.0)","(384.5, 167.0)","(602.5, 497.0)"
"(647.0, 244.0)","(385.0, 162.5)","(600.0, 493.0)"
"(649.0, 242.0)","(384.5, 158.0)","(596.5, 490.0)"
"(651.0, 240.0)","(385.0, 156.0)","(590.0, 486.0)"
"(654.5, 236.5)","(384.0, 152.5)","(582.5, 481.5)"
"(658.5, 233.5)","(383.0, 149.0)","(580.0, 479.5)"
"(662.5, 231.0)","(382.0, 145.0)","(578.0, 476.5)"
"(664.0, 228.5)","(380.5, 142.0)","(577.0, 475.0)"
"(666.5, 226.5)","(379.0, 137.0)","(576.5, 473.0)"
"(668.0, 224.0)","(379.0, 134.5)","(576.5, 470.0)"
"(669.5, 221.0)","(377.5, 133.5)","(575.5, 468.0)"
"(670.0, 220.5)","(375.5, 129.0)","(575.0, 467.0)"
"(671.0, 217.0)","(375.0, 124.5)","(574.0, 464.5)"
"(671.0, 217.0)","(376.0, 121.5)","(573.5, 463.0)"
"(672.0, 213.5)","(376.5, 117.5)","(573.0, 461.5)"
"(672.5, 212.0)","(376.0, 113.0)","(572.5, 459.5)"
"(673.0, 208.0)","(374.5, 106.5)","(571.0, 458.0)"
"(674.0, 207.0)","(372.5, 102.0)","(569.0, 454.5)"
"(673.5, 203.5)","(370.5, 96.5)","(569.0, 452.5)"
"(673.0, 201.5)","(370.0, 92.0)","(567.5, 450.0)"
"(672.5, 198.5)","(369.5, 88.0)","(566.5, 448.5)"
"(673.0, 196.0)","(369.5, 83.5)","(565.0, 446.5)"
"(671.5, 194.0)","(370.0, 79.0)","(562.5, 444.0)"
"(667.5, 193.0)","(370.0, 75.0)","(561.5, 442.0)"
"(666.5, 191.5)","(368.5, 71.0)","(560.0, 440.0)"
"(666.5, 191.0)","(367.0, 67.5)","(559.0, 438.0)"
"(666.5, 188.5)","(365.5, 65.0)","(557.0, 438.0)"
"(666.5, 188.5)","(365.0, 62.0)","(555.5, 434.5)"
"(665.5, 190.0)","(365.5, 58.0)","(555.5, 434.5)"
"(665.0, 191.0)","(366.0, 55.5)","(554.0, 431.5)"
"(665.0, 193.0)","(366.5, 53.5)","(552.5, 431.0)"
"(664.0, 192.5)","(367.0, 51.5)","(552.5, 429.5)"
"(663.5, 191.0)","(369.0, 49.0)","(550.0, 425.5)"
"(662.5, 189.5)","(371.5, 48.5)","(549.5, 423.0)"
"(660.0, 186.5)","(372.5, 47.5)","(548.5, 420.0)"
"(656.5, 183.0)","(373.5, 46.0)","(548.5, 419.0)"
"(655.0, 179.0)","(376.0, 43.0)","(550.0, 418.0)"
"(652.5, 177.0)","(377.0, 39.0)","(551.0, 415.5)"
"(650.5, 174.0)","(378.5, 34.5)","(551.0, 413.0)"
"(651.0, 172.0)","(378.5, 32.5)","(553.5, 412.5)"
"(650.5, 170.5)","(380.0, 27.5)","(554.0, 410.0)"
"(650.0, 170.0)","(380.5, 27.0)","(555.0, 409.5)"
"(648.5, 166.5)","(379.5, 24.0)","(555.5, 407.0)"
"(649.0, 165.5)","(377.5, 23.5)","(557.5, 406.0)"
"(648.0, 163.0)","(378.0, 20.5)","(559.5, 404.5)"
"(646.0, 159.5)","(380.0, 19.0)","(561.0, 403.5)"
"(644.0, 157.5)","(381.5, 17.5)","(565.0, 405.0)"
"(644.0, 156.0)","(383.0, 16.5)","(569.0, 406.5)"
"(642.5, 152.5)","(385.0, 17.0)","(569.5, 409.0)"
"(640.5, 151.5)","(388.5, 21.0)","(573.0, 407.5)"
"(638.0, 151.0)","(394.5, 25.5)","(578.5, 407.0)"
"(637.0, 149.0)","(398.0, 25.5)","(580.5, 407.5)"
"(635.5, 148.5)","(400.0, 26.5)","(582.0, 407.5)"
"(635.5, 147.0)","(399.0, 27.0)","(583.0, 407.0)"
"(634.5, 146.5)","(398.0, 26.5)","(584.5, 406.5)"
"(635.0, 144.0)","(398.0, 26.5)","(588.0, 406.5)"
"(634.5, 143.0)","(398.5, 27.0)","(591.0, 408.5)"
"(634.0, 141.0)","(398.5, 26.5)","(592.0, 408.5)"
"(634.0, 138.5)","(398.5, 27.0)","(598.5, 410.5)"
"(633.5, 137.0)","(395.5, 27.5)","(604.0, 412.0)"
"(635.0, 136.5)","(393.5, 29.0)","(607.5, 411.5)"
"(634.5, 134.0)","(392.5, 30.5)","(609.0, 413.5)"
"(635.0, 132.0)","(392.0, 31.5)","(610.5, 415.0)"
"(635.5, 128.0)","(390.0, 31.0)","(610.5, 416.5)"
"(636.5, 125.0)","(388.0, 33.5)","(610.5, 418.0)"
"(636.5, 121.0)","(387.5, 35.0)","(611.5, 419.5)"
"(638.5, 118.0)","(387.0, 38.0)","(612.0, 421.0)"
"(637.5, 113.5)","(386.5, 39.0)","(615.5, 422.0)"
"(637.5, 110.5)","(385.5, 38.0)","(616.0, 422.5)"
"(637.5, 107.5)","(385.0, 39.5)","(617.0, 422.5)"
"(639.0, 107.0)","(384.5, 40.5)","(616.5, 421.5)"
"(639.5, 106.5)","(383.5, 38.5)","(615.5, 422.0)"
"(639.0, 105.5)","(383.5, 40.0)","(616.5, 423.5)"
"(641.0, 104.0)","(383.0, 40.0)","(617.0, 423.0)"
"(641.5, 104.0)","(382.5, 38.0)","(616.5, 422.5)"
"(641.0, 102.0)","(382.5, 36.0)","(618.0, 422.0)"
"(642.0, 100.5)","(382.0, 33.5)","(618.0, 422.0)"
"(641.0, 100.0)","(381.0, 35.5)","(618.5, 421.5)"
"(641.5, 97.5)","(380.5, 33.0)","(617.5, 421.5)"
"(642.0, 95.5)","(379.5, 30.5)","(618.5, 419.5)"
"(641.5, 92.5)","(380.5, 31.5)","(617.0, 418.0)"
"(641.0, 90.5)","(381.0, 33.0)","(615.5, 417.5)"
"(642.0, 88.0)","(379.0, 36.0)","(614.0, 416.5)"
"(642.0, 86.5)","(376.5, 39.5)","(613.5, 416.0)"
"(641.5, 85.0)","(374.5, 38.5)","(612.5, 414.5)"
"(641.0, 83.5)","(371.5, 41.5)","(611.0, 413.5)"
"(640.5, 83.5)","(368.0, 43.0)","(609.5, 412.0)"
"(640.5, 81.5)","(365.0, 43.5)","(608.5, 409.5)"
"(640.5, 81.0)","(364.5, 44.5)","(608.5, 408.0)"
"(642.0, 79.5)","(362.5, 44.0)","(606.0, 407.5)"
"(641.5, 78.0)","(361.5, 44.5)","(604.5, 402.5)"
"(641.5, 78.0)","(361.5, 44.5)","(602.0, 400.5)"
"(642.0, 77.5)","(361.5, 43.0)","(600.5, 398.0)"
"(641.5, 77.0)","(361.0, 43.0)","(597.5, 395.0)"
"(642.0, 76.5)","(360.5, 42.5)","(596.5, 392.5)"
"(640.5, 75.5)","(359.5, 43.5)","(595.0, 389.5)"
"(638.0, 74.5)","(359.0, 43.5)","(594.5, 387.5)"
"(638.0, 73.5)","(358.5, 42.0)","(594.0, 386.0)"
"(634.5, 72.5)","(357.5, 41.0)","(593.5, 387.5)"
"(633.0, 72.5)","(357.0, 39.0)","(591.5, 384.5)"
"(632.5, 73.5)","(356.5, 38.5)","(590.5, 381.5)"
"(630.5, 73.0)","(356.5, 38.0)","(589.5, 377.5)"
"(629.0, 73.0)","(355.5, 39.0)","(590.5, 375.5)"
"(628.5, 74.0)","(354.5, 38.0)","(589.0, 374.0)"
"(627.0, 74.5)","(353.5, 37.0)","(589.5, 373.5)"
"(628.5, 76.5)","(353.0, 37.5)","(589.5, 373.5)"
"(627.5, 78.0)","(352.5, 37.0)","(589.0, 372.5)"
"(627.0, 78.5)","(351.0, 36.5)","(588.0, 372.0)"
"(627.5, 80.5)","(351.0, 38.0)","(588.5, 371.5)"
"(627.0, 82.0)","(350.5, 36.5)","(587.0, 370.5)"
"(624.0, 83.5)","(350.0, 37.5)","(586.5, 370.0)"
"(620.5, 84.0)","(349.0, 38.0)","(585.5, 367.0)"
"(618.0, 83.5)","(349.0, 37.0)","(585.5, 367.0)"
"(617.0, 84.5)","(348.5, 38.0)","(585.5, 365.5)"
"(0.0, 0.0)","(0.0, 0.0)","(0.0, 0.0)"
x0,y0,x1,y1,x2,y2,x3,y3
"(628.0, 255.0)"
"(623.5, 255.5)"
"(619.0, 254.5)"
"(613.5, 253.5)"
"(611.0, 252.5)"
"(606.0, 249.0)"
"(602.5, 248.0)"
"(599.0, 247.5)"
"(595.5, 245.0)"
"(592.0, 244.0)"
"(589.0, 243.5)"
"(586.0, 243.0)"
"(583.5, 242.5)"
"(580.0, 243.0)"
"(578.0, 243.0)"
"(576.5, 242.5)"
"(575.0, 241.0)"
"(571.0, 240.5)"
"(568.5, 240.5)"
"(566.5, 240.0)"
"(562.5, 239.5)"
"(560.0, 238.5)"
"(557.0, 239.5)"
"(554.5, 239.0)"
"(551.5, 240.5)"
"(550.5, 241.5)"
"(550.5, 243.0)"
"(548.0, 244.0)"
"(548.0, 244.5)"
"(548.0, 246.0)"
"(546.0, 246.5)"
"(546.5, 248.5)"
"(547.0, 250.0)"
"(547.5, 251.0)"
"(548.0, 253.0)"
"(548.5, 254.0)"
"(548.5, 256.0)"
"(548.5, 257.0)"
"(548.5, 256.0)"
"(546.0, 257.5)"
"(545.0, 258.5)"
"(546.0, 261.0)"
"(544.0, 262.0)"
"(543.0, 262.5)"
"(541.0, 263.5)"
"(540.5, 264.5)"
"(540.0, 265.0)"
"(539.5, 265.5)"
"(538.5, 267.5)"
"(539.5, 268.0)"
"(540.0, 269.5)"
"(540.5, 270.0)"
"(541.0, 271.5)"
"(540.0, 274.0)"
"(539.0, 276.0)"
"(538.5, 278.0)"
"(538.0, 279.5)"
"(538.0, 280.5)"
"(535.5, 283.0)"
"(535.0, 285.0)"
"(533.5, 286.5)"
"(531.0, 288.5)"
"(529.0, 291.0)"
"(527.0, 291.5)"
"(525.0, 293.5)"
"(522.5, 294.0)"
"(521.5, 296.5)"
"(518.5, 297.0)"
"(517.0, 299.5)"
"(515.0, 300.5)"
"(515.0, 303.5)"
"(512.0, 304.0)"
"(511.0, 305.0)"
"(509.0, 307.0)"
"(506.5, 307.5)"
"(503.5, 308.0)"
"(500.0, 309.0)"
"(496.0, 309.5)"
"(492.0, 311.0)"
"(488.0, 312.0)"
"(484.0, 311.0)"
"(481.5, 312.0)"
"(477.0, 312.0)"
"(475.0, 312.5)"
"(472.0, 313.5)"
"(468.5, 314.0)"
"(465.5, 315.5)"
"(462.5, 317.0)"
"(460.0, 317.0)"
"(458.0, 318.5)"
"(456.5, 320.0)"
"(454.5, 321.0)"
"(451.5, 322.5)"
"(450.0, 324.0)"
"(448.0, 325.5)"
"(446.0, 327.5)"
"(444.0, 328.5)"
"(442.5, 330.5)"
"(441.0, 331.0)"
"(440.5, 332.5)"
"(439.0, 333.5)"
"(437.5, 334.0)"
"(436.0, 335.5)"
"(434.0, 337.5)"
"(432.5, 338.5)"
"(430.0, 338.5)"
"(429.0, 341.0)"
"(427.5, 342.5)"
"(426.0, 344.5)"
"(424.0, 347.0)"
"(422.0, 349.0)"
"(421.0, 350.5)"
"(417.5, 353.0)"
"(415.5, 357.0)"
"(414.0, 360.0)"
"(413.0, 362.5)"
"(411.0, 364.0)"
"(410.0, 368.0)"
"(409.0, 371.5)"
"(409.0, 373.5)"
"(409.0, 376.5)"
"(409.0, 378.5)"
"(409.5, 381.0)"
"(409.5, 384.0)"
"(411.0, 385.5)"
"(412.0, 387.5)"
"(412.0, 389.0)"
"(414.0, 391.0)"
"(414.0, 392.0)"
"(415.5, 392.5)"
"(416.0, 394.0)"
"(417.0, 395.0)"
"(417.0, 395.5)"
"(417.0, 397.0)"
"(418.0, 398.0)"
"(418.0, 399.0)"
"(418.5, 399.0)"
"(419.0, 399.5)"
"(419.0, 400.5)"
"(418.5, 400.0)"
"(418.5, 400.0)"
"(419.0, 400.5)"
"(419.0, 401.5)"
"(418.0, 400.5)"
"(419.0, 401.0)"
"(418.5, 401.5)"
"(417.0, 401.0)"
"(417.0, 401.0)"
"(417.0, 402.0)"
"(417.0, 402.0)"
"(417.0, 403.5)"
"(417.0, 404.5)"
"(418.0, 405.5)"
"(419.0, 406.0)"
"(418.5, 408.0)"
"(419.5, 408.0)"
"(419.5, 409.0)"
"(420.5, 410.5)"
"(421.0, 409.5)"
"(421.0, 410.0)"
"(421.0, 410.5)"
"(420.5, 411.5)"
"(420.5, 412.0)"
"(420.5, 413.5)"
"(418.5, 413.5)"
"(418.5, 413.5)"
"(417.5, 414.5)"
"(418.0, 417.5)"
"(417.0, 418.0)"
"(415.0, 418.5)"
"(414.0, 420.5)"
"(412.0, 421.5)"
"(411.0, 424.5)"
"(410.0, 425.5)"
"(409.0, 427.5)"
"(409.0, 429.5)"
"(409.5, 430.0)"
"(410.0, 431.0)"
"(410.5, 431.0)"
"(411.0, 432.0)"
"(411.0, 431.5)"
"(411.5, 431.0)"
"(412.0, 431.5)"
"(413.0, 431.0)"
"(413.5, 431.5)"
"(414.5, 432.0)"
"(414.5, 432.5)"
"(414.5, 432.0)"
"(414.5, 432.0)"
"(414.5, 433.0)"
"(414.5, 433.5)"
"(414.5, 434.0)"
"(415.5, 434.5)"
"(415.5, 435.0)"
"(416.5, 435.5)"
"(416.5, 436.0)"
"(416.5, 436.5)"
"(416.5, 436.0)"
"(416.5, 437.5)"
"(417.0, 438.5)"
"(418.0, 439.0)"
"(417.5, 439.0)"
"(417.5, 439.0)"
"(418.5, 440.0)"
"(417.5, 439.0)"
"(419.5, 440.0)"
"(419.0, 439.0)"
"(419.5, 440.0)"
"(420.0, 439.5)"
"(421.0, 439.5)"
"(422.5, 439.5)"
"(422.5, 439.5)"
"(423.5, 439.0)"
"(423.5, 439.0)"
"(424.5, 438.5)"
"(424.5, 439.5)"
"(424.5, 439.5)"
"(425.5, 440.0)"
"(425.5, 439.5)"
"(425.0, 440.5)"
"(425.5, 441.5)"
"(426.0, 442.5)"
"(427.0, 442.0)"
"(427.0, 442.5)"
"(428.0, 443.5)"
"(428.5, 443.5)"
"(428.5, 443.5)"
"(429.0, 444.0)"
"(428.5, 444.0)"
"(428.5, 444.0)"
"(429.5, 445.0)"
"(429.5, 444.0)"
"(429.5, 444.0)"
"(430.5, 445.0)"
"(430.5, 446.0)"
"(430.5, 445.0)"
"(429.5, 445.0)"
"(429.5, 446.5)"
"(429.5, 447.5)"
"(427.5, 447.0)"
"(427.5, 447.5)"
"(427.0, 448.5)"
"(426.5, 448.5)"
"(425.5, 448.5)"
"(425.0, 449.5)"
"(425.0, 451.5)"
"(423.5, 451.0)"
"(424.0, 452.5)"
"(422.5, 453.5)"
"(422.0, 453.5)"
"(421.5, 454.5)"
"(421.5, 455.5)"
"(420.5, 455.5)"
"(421.5, 456.5)"
"(419.5, 456.5)"
"(419.5, 457.5)"
"(419.0, 457.5)"
"(418.0, 457.5)"
"(417.5, 458.5)"
"(417.0, 459.0)"
"(415.0, 459.5)"
"(414.5, 460.5)"
"(414.0, 462.5)"
"(414.0, 463.0)"
"(413.5, 463.5)"
"(413.5, 463.0)"
"(413.5, 462.5)"
"(414.0, 464.0)"
"(414.5, 463.5)"
"(414.0, 462.5)"
"(414.5, 461.5)"
"(414.5, 460.0)"
"(414.0, 459.5)"
"(413.0, 459.0)"
"(412.0, 458.0)"
"(412.0, 456.5)"
"(412.0, 456.0)"
"(411.0, 456.0)"
"(411.5, 455.0)"
"(410.5, 455.0)"
"(410.5, 454.5)"
"(410.0, 454.0)"
"(409.5, 455.0)"
"(408.5, 455.0)"
"(408.0, 454.5)"
"(407.5, 454.0)"
"(406.0, 454.0)"
"(406.0, 454.0)"
"(404.0, 453.0)"
"(404.0, 453.5)"
"(403.0, 454.5)"
"(402.5, 453.5)"
"(400.5, 453.5)"
"(399.5, 453.0)"
"(398.5, 452.5)"
"(398.0, 451.5)"
"(0.0, 0.0)"
x0,y0,x1,y1,x2,y2,x3,y3
"(628.0, 255.0)"
"(623.5, 255.5)"
"(619.0, 254.5)"
"(613.5, 253.5)"
"(611.0, 252.5)"
"(606.0, 249.0)"
"(602.5, 248.0)"
"(599.0, 247.5)"
"(595.5, 245.0)"
"(592.0, 244.0)"
"(589.0, 243.5)"
"(586.0, 243.0)"
"(583.5, 242.5)"
"(580.0, 243.0)"
"(578.0, 243.0)"
"(576.5, 242.5)"
"(575.0, 241.0)"
"(571.0, 240.5)"
x0,y0,x1,y1,x2,y2,x3,y3
"(628.0, 255.0)"
"(623.5, 255.5)"
"(619.0, 254.5)"
"(613.5, 253.5)"
"(611.0, 252.5)"
"(606.0, 249.0)"
"(602.5, 248.0)"
"(599.0, 247.5)"
"(595.5, 245.0)"
"(592.0, 244.0)"
"(589.0, 243.5)"
"(586.0, 243.0)"
"(583.5, 242.5)"
"(580.0, 243.0)"
"(578.0, 243.0)"
"(576.5, 242.5)"
"(575.0, 241.0)"
"(571.0, 240.5)"
x0,y0,x1,y1,x2,y2,x3,y3
"(628.0, 255.0)"
"(623.5, 255.5)"
"(619.0, 254.5)"
"(613.5, 253.5)"
"(611.0, 252.5)"
"(606.0, 249.0)"
"(602.5, 248.0)"
"(599.0, 247.5)"
"(595.5, 245.0)"
"(592.0, 244.0)"
"(589.0, 243.5)"
"(586.0, 243.0)"
"(583.5, 242.5)"
"(580.0, 243.0)"
"(578.0, 243.0)"
"(576.5, 242.5)"
"(575.0, 241.0)"
"(571.0, 240.5)"
"(480.0, 552.0)","(567.0, 238.5)","(818.0, 546.0)","(567.0, 238.5)"
"(478.0, 552.0)","(565.0, 239.0)","(814.0, 547.5)","(565.0, 239.0)"
"(478.5, 552.0)","(563.0, 239.0)","(811.5, 550.0)","(563.0, 239.0)"
"(480.5, 552.0)","(560.0, 239.0)","(808.5, 551.0)","(560.0, 239.0)"
"(483.0, 553.0)","(557.0, 238.0)","(806.5, 549.0)","(557.0, 238.0)"
"(488.0, 554.0)","(555.0, 238.5)","(805.5, 546.5)","(555.0, 238.5)"
"(494.0, 555.0)","(553.0, 240.0)","(803.5, 550.5)","(553.0, 240.0)"
"(498.0, 556.0)","(551.0, 240.5)","(802.0, 555.5)","(551.0, 240.5)"
"(504.5, 558.0)","(550.5, 242.0)","(800.5, 561.0)","(550.5, 242.0)"
"(508.5, 561.0)","(549.0, 242.5)","(800.0, 564.0)","(549.0, 242.5)"
"(512.0, 563.0)","(549.0, 244.5)","(797.5, 570.0)","(549.0, 244.5)"
"(517.0, 566.0)","(548.0, 245.0)","(795.5, 573.5)","(548.0, 245.0)"
"(522.5, 566.5)","(547.0, 247.0)","(793.0, 576.0)","(547.0, 247.0)"
"(527.0, 570.0)","(546.5, 248.0)","(791.0, 578.0)","(546.5, 248.0)"
"(530.5, 573.0)","(547.5, 249.0)","(788.0, 580.0)","(547.5, 249.0)"
"(533.5, 577.5)","(548.0, 251.0)","(785.0, 581.5)","(548.0, 251.0)"
"(538.0, 577.0)","(548.0, 252.0)","(783.5, 582.5)","(548.0, 252.0)"
"(541.0, 577.5)","(549.0, 254.0)","(780.0, 584.5)","(549.0, 254.0)"
"(541.0, 578.5)","(549.0, 255.0)","(778.0, 586.5)","(549.0, 255.0)"
"(542.5, 582.0)","(548.5, 255.5)","(775.5, 589.0)","(548.5, 255.5)"
"(754.0, 614.0)","(557.0, 242.0)","(533.0, 598.5)","(765.5, 610.5)"
"(750.5, 613.0)","(555.0, 241.0)","(530.5, 601.0)","(764.0, 611.5)"
"(747.5, 612.5)","(553.0, 238.5)","(528.5, 599.0)","(761.5, 611.0)"
"(744.5, 611.5)","(554.5, 239.0)","(526.5, 600.5)","(759.5, 613.5)"
"(743.5, 609.5)","(556.0, 240.5)","(525.5, 603.0)","(752.5, 615.0)"
"(744.5, 609.5)","(556.5, 242.0)","(524.5, 605.0)","(745.0, 617.5)"
"(744.0, 610.5)","(556.5, 241.0)","(525.0, 605.0)","(738.0, 622.0)"
"(740.5, 611.5)","(557.0, 242.0)","(525.0, 605.0)","(729.5, 623.0)"
"(734.5, 610.5)","(556.5, 244.5)","(525.0, 604.0)","(724.5, 622.5)"
"(731.0, 610.0)","(556.5, 247.0)","(526.0, 603.5)","(719.0, 623.0)"
"(726.0, 609.5)","(556.5, 251.5)","(527.0, 604.0)","(713.0, 621.5)"
"(720.5, 610.0)","(556.0, 253.0)","(529.5, 603.5)","(707.0, 623.5)"
"(716.5, 611.5)","(559.0, 258.5)","(533.5, 602.0)","(705.0, 625.0)"
"(713.0, 614.0)","(561.0, 262.5)","(532.5, 603.0)","(702.0, 622.0)"
"(707.0, 616.5)","(559.0, 264.0)","(529.5, 605.0)","(700.5, 620.5)"
"(695.5, 619.0)","(555.0, 266.5)","(526.0, 606.5)","(697.0, 620.5)"
"(690.0, 620.0)","(553.0, 268.0)","(522.5, 609.0)","(691.5, 621.0)"
"(685.5, 618.5)","(552.5, 269.5)","(519.5, 610.0)","(685.5, 619.0)"
"(683.5, 618.0)","(552.0, 270.5)","(516.0, 613.5)","(682.5, 619.0)"
"(683.5, 615.0)","(551.0, 272.5)","(512.5, 614.5)","(682.5, 616.5)"
"(543.0, 282.0)","(504.5, 615.0)"
"(537.0, 285.0)","(505.5, 613.0)"
"(534.0, 286.5)","(501.5, 612.0)"
"(532.5, 287.5)","(499.5, 612.0)"
"(530.0, 289.0)","(496.5, 613.0)"
"(527.0, 290.5)","(492.5, 612.5)"
"(525.5, 293.0)","(489.0, 612.5)"
"(523.0, 293.5)","(485.5, 611.5)"
"(522.0, 295.0)","(482.0, 611.0)"
"(520.0, 297.0)","(479.5, 611.0)"
"(517.0, 298.5)","(477.0, 611.0)"
"(515.0, 300.0)","(476.0, 611.0)"
"(514.0, 302.0)","(474.0, 611.0)"
"(513.0, 303.5)","(471.5, 610.5)"
"(511.5, 304.0)","(470.0, 609.5)"
"(508.5, 305.0)","(469.0, 608.5)"
"(506.0, 305.0)","(468.0, 607.0)"
"(503.0, 307.0)","(466.5, 603.0)"
"(500.0, 308.0)","(465.5, 602.5)"
"(496.0, 309.0)","(464.5, 603.5)"
"(644.0, 581.5)","(497.5, 311.0)"
"(645.5, 582.0)","(491.5, 310.0)"
"(646.0, 580.5)","(487.5, 311.0)"
"(645.0, 578.0)","(484.0, 311.5)"
"(642.0, 574.0)","(481.0, 313.5)"
"(640.0, 571.5)","(478.5, 313.5)"
"(638.0, 567.5)","(475.0, 314.5)"
"(636.0, 564.5)","(471.5, 314.5)"
"(635.5, 562.0)","(467.5, 315.5)"
"(634.0, 560.5)","(464.0, 316.5)"
"(634.5, 557.0)","(461.0, 318.0)"
"(633.5, 555.0)","(459.5, 319.5)"
"(632.5, 552.5)","(456.5, 320.5)"
"(631.5, 552.5)","(455.0, 321.5)"
"(632.0, 550.5)","(451.5, 323.0)"
"(631.0, 547.0)","(451.0, 323.0)"
"(629.0, 542.0)","(449.0, 324.5)"
"(630.5, 537.5)","(449.5, 326.5)"
"(632.0, 534.0)","(447.0, 327.0)"
"(632.0, 528.0)","(446.5, 328.5)"
"(451.0, 324.0)","(454.5, 629.5)"
"(447.0, 327.0)","(454.0, 633.5)"
"(444.0, 330.5)","(453.5, 635.5)"
"(441.5, 330.5)","(454.5, 637.0)"
"(440.0, 333.5)","(455.0, 637.0)"
"(437.5, 334.5)","(455.0, 635.0)"
"(436.5, 335.5)","(456.5, 634.0)"
"(437.0, 336.5)","(460.5, 634.0)"
"(435.0, 338.0)","(462.5, 638.0)"
"(434.0, 339.5)","(463.0, 642.5)"
"(433.0, 343.0)","(465.5, 644.5)"
"(430.0, 345.0)","(468.5, 648.0)"
"(428.5, 348.5)","(470.0, 649.5)"
"(425.5, 350.5)","(471.5, 650.0)"
"(422.5, 352.5)","(473.0, 651.0)"
"(420.5, 355.5)","(474.0, 652.0)"
"(418.5, 358.0)","(475.0, 652.5)"
"(418.0, 360.5)","(477.5, 654.0)"
"(417.5, 362.5)","(480.0, 654.0)"
"(417.5, 364.5)","(481.5, 655.0)"
"(490.0, 657.0)","(411.5, 372.5)","(639.5, 446.5)"
"(490.5, 655.5)","(410.0, 373.5)","(640.0, 437.5)"
"(491.0, 654.5)","(409.0, 376.5)","(641.0, 433.0)"
"(492.5, 655.0)","(409.5, 379.5)","(642.0, 429.5)"
"(494.5, 657.0)","(409.5, 381.0)","(643.0, 426.5)"
"(500.5, 659.0)","(410.5, 384.0)","(643.5, 422.5)"
"(506.5, 660.0)","(411.5, 386.5)","(645.5, 419.0)"
"(507.5, 660.5)","(412.0, 388.0)","(646.0, 416.5)"
"(508.0, 659.5)","(412.5, 390.0)","(646.0, 413.0)"
"(510.0, 660.0)","(413.5, 390.5)","(645.0, 410.5)"
"(513.0, 659.5)","(414.5, 391.5)","(645.5, 407.5)"
"(520.5, 663.5)","(415.0, 392.5)","(647.0, 403.5)"
"(525.5, 666.0)","(416.0, 393.5)","(648.0, 401.0)"
"(532.0, 665.5)","(417.0, 394.5)","(648.0, 397.0)"
"(539.5, 664.5)","(417.0, 396.5)","(649.0, 393.0)"
"(547.0, 662.0)","(417.5, 396.5)","(650.5, 389.0)"
"(554.0, 660.0)","(418.5, 397.5)","(651.5, 385.0)"
"(558.5, 659.0)","(418.5, 398.0)","(653.0, 383.0)"
"(563.0, 656.0)","(419.0, 399.0)","(653.5, 380.5)"
"(568.0, 654.0)","(419.0, 399.5)","(653.5, 378.5)"
"(648.0, 380.5)","(431.0, 422.5)"
"(653.5, 372.0)","(430.0, 420.5)"
"(656.0, 368.0)","(429.0, 420.5)"
"(658.0, 364.5)","(429.5, 420.5)"
"(659.0, 359.5)","(430.0, 419.5)"
"(660.0, 358.0)","(431.0, 418.5)"
"(661.0, 355.0)","(432.0, 415.5)"
"(661.5, 354.0)","(432.5, 410.5)"
"(660.5, 352.0)","(431.0, 409.0)"
"(661.5, 350.0)","(429.0, 408.5)"
"(662.0, 347.0)","(427.5, 408.0)"
"(662.5, 344.5)","(424.5, 407.5)"
"(662.0, 341.0)","(423.5, 410.5)"
"(662.5, 338.5)","(422.5, 413.5)"
"(663.0, 337.5)","(424.0, 413.5)"
"(663.5, 336.0)","(424.5, 414.5)"
"(663.5, 335.0)","(425.5, 415.5)"
"(663.5, 333.5)","(426.0, 415.5)"
"(664.0, 332.5)","(427.5, 416.0)"
"(664.0, 331.5)","(429.0, 417.0)"
"(435.0, 428.0)","(635.0, 614.0)","(665.0, 330.0)"
"(434.0, 427.0)","(636.0, 613.0)","(663.5, 329.0)"
"(433.0, 427.5)","(638.5, 611.0)","(661.5, 324.0)"
"(430.5, 428.0)","(640.5, 609.5)","(660.0, 322.0)"
"(428.5, 427.5)","(643.0, 607.5)","(660.0, 321.0)"
"(426.5, 428.5)","(646.0, 605.5)","(662.0, 319.5)"
"(425.5, 428.5)","(649.5, 604.5)","(662.0, 320.0)"
"(424.5, 428.0)","(652.5, 603.5)","(662.5, 319.0)"
"(423.5, 429.0)","(655.0, 602.5)","(662.5, 317.5)"
"(423.0, 428.5)","(658.0, 600.5)","(663.0, 317.0)"
"(423.0, 429.0)","(661.0, 599.0)","(663.5, 316.5)"
"(422.0, 429.5)","(663.0, 594.5)","(663.0, 316.5)"
"(420.0, 428.0)","(665.5, 592.5)","(664.0, 315.0)"
"(417.5, 426.0)","(667.5, 590.0)","(665.0, 314.5)"
"(413.5, 426.0)","(669.5, 588.0)","(665.0, 315.0)"
"(411.5, 427.0)","(672.0, 585.0)","(665.0, 314.0)"
"(410.5, 429.0)","(673.0, 583.0)","(665.0, 314.0)"
"(410.5, 430.5)","(674.5, 582.5)","(665.0, 313.5)"
"(411.0, 431.0)","(677.5, 583.5)","(665.5, 312.5)"
"(410.5, 431.5)","(682.0, 583.0)","(665.5, 313.5)"
"(661.5, 315.0)","(685.0, 575.0)"
"(660.5, 316.5)","(688.0, 576.5)"
"(660.5, 316.5)","(690.0, 579.0)"
"(661.0, 316.5)","(691.5, 578.5)"
"(660.5, 316.0)","(694.0, 577.5)"
"(661.0, 316.5)","(696.5, 575.5)"
"(661.5, 317.0)","(699.0, 571.5)"
"(662.0, 317.0)","(703.5, 567.5)"
"(661.5, 317.0)","(706.0, 564.5)"
"(662.0, 317.5)","(708.0, 565.5)"
"(661.0, 317.0)","(708.5, 567.5)"
"(661.5, 317.5)","(708.0, 569.5)"
"(662.0, 318.0)","(707.0, 572.5)"
"(662.0, 319.0)","(710.0, 573.5)"
"(662.5, 319.0)","(713.5, 575.5)"
"(663.0, 318.5)","(717.0, 575.5)"
"(663.5, 319.0)","(720.5, 577.5)"
"(664.0, 319.5)","(722.5, 580.0)"
"(664.0, 319.5)","(725.0, 580.5)"
"(665.0, 319.0)","(727.5, 582.0)"
"(675.0, 308.5)","(421.0, 437.5)","(731.5, 588.5)"
"(673.5, 302.0)","(418.5, 438.5)","(731.5, 592.5)"
"(675.0, 303.5)","(418.5, 438.5)","(733.0, 596.5)"
"(677.5, 304.5)","(418.5, 439.0)","(735.0, 599.0)"
"(679.0, 307.0)","(419.0, 439.0)","(736.5, 600.0)"
"(680.0, 309.5)","(418.5, 439.0)","(739.0, 600.0)"
"(682.5, 310.0)","(418.0, 439.0)","(741.0, 601.5)"
"(684.0, 310.0)","(418.5, 440.0)","(743.5, 602.5)"
"(685.0, 309.0)","(419.5, 439.5)","(744.5, 602.0)"
"(684.5, 309.0)","(419.5, 440.5)","(745.0, 602.5)"
"(686.0, 307.5)","(420.0, 440.0)","(745.5, 601.0)"
"(687.0, 307.5)","(420.5, 439.0)","(745.5, 601.5)"
"(687.0, 307.0)","(421.0, 439.5)","(745.5, 600.5)"
"(687.5, 307.5)","(421.5, 439.5)","(745.0, 598.5)"
"(688.5, 306.0)","(422.5, 439.0)","(746.5, 598.0)"
"(688.0, 305.5)","(422.5, 438.5)","(747.0, 596.0)"
"(688.5, 305.5)","(423.0, 439.0)","(747.0, 594.0)"
"(689.5, 305.0)","(423.5, 439.0)","(746.0, 592.0)"
"(689.5, 303.5)","(423.5, 439.5)","(746.0, 592.0)"
"(689.0, 302.0)","(424.0, 440.5)","(745.0, 591.5)"
"(685.5, 307.0)","(440.5, 446.5)","(766.5, 590.0)"
"(686.0, 309.0)","(442.0, 448.5)","(769.0, 589.0)"
"(686.0, 308.5)","(442.5, 448.0)","(773.5, 588.0)"
"(685.5, 306.5)","(444.0, 448.5)","(779.0, 591.0)"
"(685.0, 303.5)","(444.0, 449.5)","(782.0, 595.5)"
"(684.5, 303.5)","(445.0, 450.5)","(782.5, 598.0)"
"(684.5, 304.0)","(445.5, 451.5)","(784.0, 600.5)"
"(685.5, 305.0)","(446.5, 452.5)","(784.5, 601.5)"
"(686.0, 305.5)","(447.0, 452.0)","(785.5, 603.0)"
"(687.0, 305.5)","(447.0, 453.5)","(787.0, 603.5)"
"(687.5, 305.0)","(447.0, 454.0)","(787.5, 604.0)"
"(688.0, 305.0)","(446.0, 453.5)","(786.5, 605.0)"
"(689.0, 304.0)","(446.5, 453.5)","(786.0, 604.5)"
"(689.5, 304.0)","(447.0, 454.5)","(786.0, 606.0)"
"(689.0, 302.0)","(447.0, 452.5)","(785.5, 606.5)"
"(689.5, 303.5)","(446.0, 453.0)","(785.0, 608.0)"
"(689.5, 303.0)","(446.0, 454.5)","(783.0, 609.0)"
"(689.5, 304.5)","(446.5, 456.0)","(781.5, 610.0)"
"(690.0, 306.0)","(445.5, 457.0)","(781.5, 610.5)"
"(690.5, 306.0)","(445.5, 457.0)","(782.5, 611.5)"
"(700.5, 298.0)","(781.0, 617.0)","(442.0, 449.0)"
"(700.5, 292.5)","(778.0, 617.5)","(442.0, 453.0)"
"(700.0, 293.5)","(774.0, 617.5)","(441.5, 456.5)"
"(702.0, 297.5)","(771.0, 617.5)","(441.5, 458.5)"
"(701.5, 300.0)","(769.0, 618.0)","(442.0, 459.0)"
"(703.0, 299.0)","(767.5, 617.5)","(442.0, 459.5)"
"(703.0, 298.5)","(766.0, 615.5)","(442.0, 461.0)"
"(702.5, 299.0)","(765.0, 616.0)","(441.0, 461.0)"
"(704.0, 299.0)","(763.0, 616.5)","(441.0, 463.0)"
"(704.5, 299.0)","(761.5, 617.0)","(439.0, 462.0)"
"(704.5, 299.0)","(760.0, 617.0)","(439.0, 463.5)"
"(704.5, 298.0)","(760.0, 617.0)","(438.0, 464.0)"
"(704.0, 298.0)","(760.0, 617.0)","(438.5, 465.0)"
"(705.0, 297.5)","(760.0, 618.0)","(437.5, 464.5)"
"(704.5, 298.0)","(762.0, 621.0)","(437.5, 464.5)"
"(705.5, 298.0)","(762.0, 621.5)","(436.5, 466.5)"
"(704.0, 297.5)","(762.0, 623.5)","(436.0, 466.0)"
"(703.0, 297.5)","(763.0, 624.0)","(436.0, 466.5)"
"(703.0, 297.5)","(763.0, 624.0)","(436.0, 466.0)"
"(703.5, 298.5)","(763.5, 624.0)","(435.0, 466.5)"
"(698.5, 300.5)","(772.0, 626.5)","(433.0, 464.0)"
"(696.5, 302.5)","(773.5, 627.0)","(433.5, 466.0)"
"(696.5, 303.5)","(773.0, 626.5)","(433.0, 467.5)"
"(696.0, 303.0)","(773.0, 625.5)","(434.0, 468.0)"
"(696.0, 304.0)","(772.0, 624.0)","(434.5, 468.0)"
"(696.5, 305.5)","(771.5, 622.5)","(434.5, 466.5)"
"(696.5, 306.0)","(769.5, 620.0)","(434.5, 467.0)"
"(697.0, 305.0)","(768.5, 619.0)","(433.0, 467.0)"
"(696.0, 305.0)","(768.0, 619.0)","(433.5, 467.5)"
"(695.0, 304.5)","(767.0, 619.0)","(433.5, 468.5)"
"(696.0, 306.5)","(767.0, 619.5)","(432.5, 468.5)"
"(696.5, 306.5)","(767.5, 619.5)","(433.0, 469.5)"
"(695.5, 306.0)","(768.0, 619.5)","(433.0, 469.0)"
"(696.0, 306.0)","(768.0, 620.5)","(433.0, 470.0)"
"(695.5, 305.5)","(767.5, 622.0)","(432.0, 470.0)"
"(696.0, 306.5)","(766.5, 624.0)","(431.5, 469.5)"
"(695.0, 306.5)","(765.0, 626.5)","(430.0, 471.0)"
"(694.5, 307.5)","(764.0, 628.5)","(429.0, 471.0)"
"(694.5, 306.5)","(762.5, 629.5)","(429.0, 470.0)"
"(693.5, 306.5)","(762.0, 632.0)","(429.5, 469.0)"
"(746.0, 627.0)","(696.5, 301.0)","(427.5, 466.0)"
"(744.0, 627.0)","(695.0, 302.5)","(428.5, 466.5)"
"(742.0, 626.0)","(696.0, 303.5)","(428.0, 467.0)"
"(742.0, 624.0)","(696.0, 305.0)","(429.0, 467.0)"
"(741.0, 624.0)","(697.0, 307.0)","(429.0, 467.0)"
"(740.0, 624.0)","(699.0, 308.0)","(429.0, 467.5)"
"(740.0, 623.5)","(699.5, 310.0)","(428.0, 468.0)"
"(740.0, 625.0)","(699.5, 310.5)","(427.5, 467.0)"
"(739.5, 625.5)","(698.0, 311.0)","(427.0, 467.5)"
"(739.0, 626.5)","(699.0, 311.5)","(426.5, 467.5)"
"(739.0, 626.5)","(698.0, 312.0)","(426.5, 467.5)"
"(738.0, 626.5)","(697.5, 313.0)","(425.5, 467.5)"
"(739.0, 626.0)","(697.5, 314.0)","(424.0, 467.0)"
"(739.0, 625.0)","(697.0, 315.0)","(424.0, 467.5)"
"(739.0, 622.0)","(697.5, 316.0)","(424.0, 468.0)"
"(738.5, 621.5)","(697.0, 316.5)","(423.0, 468.0)"
"(737.0, 620.0)","(698.0, 317.0)","(422.5, 467.5)"
"(737.0, 619.0)","(697.5, 317.5)","(422.0, 468.0)"
"(0.0, 0.0)","(0.0, 0.0)","(0.0, 0.0)"
x0,y0,x1,y1,x2,y2,x3,y3
"(628.0, 255.0)"
"(623.5, 255.5)"
"(619.0, 254.5)"
"(613.5, 253.5)"
"(611.0, 252.5)"
"(606.0, 249.0)"
"(602.5, 248.0)"
"(599.0, 247.5)"
"(595.5, 245.0)"
"(592.0, 244.0)"
"(589.0, 243.5)"
"(586.0, 243.0)"
"(583.5, 242.5)"
"(580.0, 243.0)"
"(578.0, 243.0)"
"(576.5, 242.5)"
"(575.0, 241.0)"
"(571.0, 240.5)"
"(568.5, 240.5)"
"(566.5, 240.0)"
"(562.5, 239.5)"
"(560.0, 238.5)"
"(557.0, 239.5)"
"(554.5, 239.0)"
"(551.5, 240.5)"
"(550.5, 241.5)"
"(550.5, 243.0)"
"(548.0, 244.0)"
"(514.0, 568.5)","(550.0, 242.0)","(515.5, 566.0)","(790.0, 591.0)"
"(513.5, 570.5)","(548.0, 244.0)","(515.0, 570.5)","(784.5, 592.5)"
"(515.0, 572.0)","(547.5, 246.0)","(516.0, 572.0)","(781.0, 595.5)"
"(516.0, 574.5)","(547.0, 248.0)","(517.0, 575.0)","(779.0, 599.5)"
"(519.0, 577.0)","(547.0, 249.0)","(520.0, 577.5)","(775.5, 601.0)"
"(522.0, 580.0)","(547.5, 250.5)","(522.5, 580.5)","(772.0, 600.5)"
"(525.0, 582.5)","(548.0, 252.0)","(524.5, 583.0)","(770.0, 600.0)"
"(527.0, 585.5)","(549.0, 254.0)","(526.0, 585.0)","(768.0, 601.0)"
"(528.0, 586.5)","(548.5, 255.0)","(527.5, 586.5)","(766.0, 601.5)"
"(528.5, 588.0)","(548.5, 255.0)","(528.0, 586.5)","(763.5, 604.5)"
"(529.0, 589.0)","(546.5, 256.5)","(529.5, 583.5)","(760.5, 607.5)"
"(531.5, 589.5)","(545.0, 258.0)","(532.5, 585.5)","(761.5, 606.5)"
"(534.0, 592.0)","(544.5, 259.5)","(534.5, 591.5)","(760.0, 607.0)"
"(535.5, 597.5)","(545.0, 260.5)","(535.5, 597.5)","(758.5, 609.5)"
"(535.5, 602.5)","(545.0, 261.5)","(535.0, 602.5)","(754.0, 612.0)"
"(535.0, 604.5)","(543.0, 263.0)","(534.5, 605.0)","(748.5, 613.0)"
"(534.5, 605.0)","(542.0, 263.5)","(535.0, 605.5)","(743.5, 616.0)"
"(534.5, 605.0)","(541.0, 264.0)","(534.0, 605.0)","(737.5, 617.5)"
"(534.5, 605.0)","(539.0, 265.0)","(534.0, 605.5)","(730.5, 618.5)"
"(535.5, 604.5)","(539.0, 265.5)","(534.0, 605.0)","(724.0, 619.5)"
"(534.0, 604.5)","(538.5, 266.5)","(534.0, 604.5)","(719.5, 619.5)"
"(534.0, 603.0)","(539.5, 267.0)","(535.0, 603.5)","(714.5, 617.5)"
"(534.5, 603.5)","(540.0, 268.5)","(533.5, 603.5)","(709.0, 621.0)"
"(533.5, 604.5)","(541.0, 269.5)","(534.0, 604.5)","(701.0, 621.0)"
"(532.5, 605.5)","(540.5, 272.0)","(532.0, 606.0)","(698.0, 621.0)"
"(530.5, 608.0)","(539.5, 273.0)","(530.0, 607.5)","(696.0, 620.5)"
"(528.5, 609.0)","(539.0, 275.0)","(528.0, 609.5)","(690.5, 620.5)"
"(526.0, 609.5)","(539.0, 277.0)","(525.0, 611.5)","(684.5, 620.0)"
"(520.5, 612.5)","(538.5, 278.5)","(521.5, 614.0)","(682.0, 619.0)"
"(514.5, 614.5)","(537.0, 280.5)","(515.5, 615.0)","(683.0, 616.0)"
"(543.0, 282.0)","(504.5, 615.0)"
"(537.0, 285.0)","(505.5, 613.0)"
"(534.0, 286.5)","(501.5, 612.0)"
"(532.5, 287.5)","(499.5, 612.0)"
"(530.0, 289.0)","(496.5, 613.0)"
"(527.0, 290.5)","(492.5, 612.5)"
"(525.5, 293.0)","(489.0, 612.5)"
"(523.0, 293.5)","(485.5, 611.5)"
"(522.0, 295.0)","(482.0, 611.0)"
"(520.0, 297.0)","(479.5, 611.0)"
"(517.0, 298.5)","(477.0, 611.0)"
"(515.0, 300.0)","(476.0, 611.0)"
"(514.0, 302.0)","(474.0, 611.0)"
"(513.0, 303.5)","(471.5, 610.5)"
"(511.5, 304.0)","(470.0, 609.5)"
"(508.5, 305.0)","(469.0, 608.5)"
"(506.0, 305.0)","(468.0, 607.0)"
"(503.0, 307.0)","(466.5, 603.0)"
"(500.0, 308.0)","(465.5, 602.5)"
"(496.0, 309.0)","(464.5, 603.5)"
"(492.5, 310.0)","(463.0, 605.5)"
"(488.5, 310.5)","(463.0, 606.5)"
"(484.5, 310.5)","(462.0, 607.5)"
"(481.0, 310.5)","(461.0, 609.0)"
"(479.0, 312.0)","(460.5, 610.5)"
"(475.0, 312.0)","(459.5, 613.5)"
"(472.5, 313.0)","(457.0, 616.5)"
"(469.0, 314.5)","(456.5, 618.5)"
"(466.0, 315.5)","(456.0, 621.0)"
"(463.0, 315.5)","(456.0, 623.5)"
"(450.5, 605.0)","(461.0, 318.5)","(448.0, 609.5)"
"(449.5, 606.0)","(459.0, 318.5)","(447.5, 611.0)"
"(454.5, 605.0)","(457.0, 320.0)","(452.0, 609.0)"
"(456.0, 606.0)","(454.5, 320.5)","(454.5, 609.0)"
"(456.0, 601.0)","(452.5, 322.0)","(455.5, 605.0)"
"(454.0, 601.5)","(451.0, 323.5)","(455.0, 602.0)"
"(454.5, 602.0)","(448.5, 325.0)","(455.0, 602.5)"
"(456.5, 603.0)","(446.0, 326.5)","(456.0, 603.0)"
"(458.0, 604.0)","(445.0, 328.0)","(457.0, 604.0)"
"(456.5, 605.5)","(444.0, 330.0)","(456.5, 605.0)"
"(457.0, 607.5)","(441.5, 330.5)","(457.5, 607.0)"
"(457.0, 610.0)","(441.0, 332.0)","(458.0, 610.0)"
"(457.0, 612.5)","(439.5, 333.0)","(456.5, 612.0)"
"(457.0, 615.0)","(438.0, 334.5)","(457.5, 615.5)"
"(456.5, 617.5)","(436.5, 336.0)","(456.0, 617.5)"
"(456.0, 622.5)","(434.0, 336.5)","(456.0, 622.0)"
"(457.5, 626.5)","(432.5, 338.5)","(457.5, 626.0)"
"(460.0, 628.5)","(431.5, 339.5)","(459.5, 628.5)"
"(462.0, 630.0)","(430.0, 340.5)","(462.0, 630.5)"
"(463.5, 631.5)","(428.0, 342.5)","(463.5, 632.5)"
"(466.0, 635.0)","(426.5, 345.0)","(466.0, 635.5)"
"(469.5, 639.0)","(424.5, 347.0)","(469.5, 639.5)"
"(471.5, 640.0)","(421.5, 348.0)","(471.0, 641.5)"
"(472.0, 640.0)","(420.5, 351.0)","(471.5, 642.0)"
"(472.5, 639.0)","(418.0, 354.0)","(472.0, 640.5)"
"(473.5, 639.0)","(415.5, 356.5)","(473.5, 640.0)"
"(474.0, 640.0)","(414.0, 358.5)","(473.5, 639.5)"
"(473.5, 639.0)","(412.5, 361.5)","(473.5, 640.5)"
"(474.0, 640.0)","(411.5, 364.5)","(473.5, 640.5)"
"(474.5, 640.5)","(410.5, 368.0)","(474.5, 641.0)"
"(490.0, 657.0)","(411.5, 372.5)","(639.5, 446.5)"
"(490.5, 655.5)","(410.0, 373.5)","(640.0, 437.5)"
"(491.0, 654.5)","(409.0, 376.5)","(641.0, 433.0)"
"(492.5, 655.0)","(409.5, 379.5)","(642.0, 429.5)"
"(494.5, 657.0)","(409.5, 381.0)","(643.0, 426.5)"
"(500.5, 659.0)","(410.5, 384.0)","(643.5, 422.5)"
"(506.5, 660.0)","(411.5, 386.5)","(645.5, 419.0)"
"(507.5, 660.5)","(412.0, 388.0)","(646.0, 416.5)"
"(508.0, 659.5)","(412.5, 390.0)","(646.0, 413.0)"
"(510.0, 660.0)","(413.5, 390.5)","(645.0, 410.5)"
"(513.0, 659.5)","(414.5, 391.5)","(645.5, 407.5)"
"(520.5, 663.5)","(415.0, 392.5)","(647.0, 403.5)"
"(525.5, 666.0)","(416.0, 393.5)","(648.0, 401.0)"
"(532.0, 665.5)","(417.0, 394.5)","(648.0, 397.0)"
"(539.5, 664.5)","(417.0, 396.5)","(649.0, 393.0)"
"(547.0, 662.0)","(417.5, 396.5)","(650.5, 389.0)"
"(554.0, 660.0)","(418.5, 397.5)","(651.5, 385.0)"
"(558.5, 659.0)","(418.5, 398.0)","(653.0, 383.0)"
"(563.0, 656.0)","(419.0, 399.0)","(653.5, 380.5)"
"(568.0, 654.0)","(419.0, 399.5)","(653.5, 378.5)"
"(571.5, 651.5)","(418.5, 399.5)","(656.5, 374.5)"
"(576.0, 650.5)","(418.5, 401.0)","(657.5, 371.5)"
"(579.5, 647.5)","(419.0, 400.5)","(657.5, 367.5)"
"(583.0, 643.5)","(419.5, 400.5)","(658.5, 363.5)"
"(587.5, 641.5)","(418.5, 401.0)","(659.5, 361.0)"
"(591.5, 638.5)","(419.5, 401.5)","(661.5, 358.5)"
"(596.0, 636.5)","(419.0, 400.5)","(662.5, 356.0)"
"(601.0, 635.5)","(418.0, 400.5)","(661.5, 353.5)"
"(605.0, 634.0)","(417.5, 401.0)","(662.5, 352.0)"
"(608.5, 631.5)","(416.5, 401.0)","(662.0, 350.0)"
"(430.5, 424.5)","(657.0, 350.0)"
"(431.5, 423.5)","(660.5, 345.5)"
"(432.0, 422.5)","(662.0, 341.5)"
"(434.0, 420.0)","(662.5, 338.5)"
"(434.0, 418.5)","(662.5, 337.0)"
"(432.5, 417.0)","(663.0, 336.5)"
"(429.5, 413.5)","(663.0, 334.5)"
"(427.0, 411.0)","(663.0, 334.0)"
"(425.0, 412.0)","(662.0, 333.0)"
"(423.5, 414.5)","(662.0, 332.0)"
"(423.5, 414.5)","(661.5, 330.0)"
"(423.0, 416.0)","(662.0, 329.0)"
"(423.0, 416.5)","(662.5, 327.5)"
"(423.0, 417.0)","(663.0, 327.0)"
"(423.0, 417.0)","(663.5, 325.5)"
"(423.0, 417.5)","(663.0, 324.5)"
"(422.5, 418.0)","(664.0, 323.0)"
"(422.0, 419.0)","(663.5, 321.5)"
"(421.5, 419.5)","(664.0, 320.0)"
"(420.5, 420.5)","(664.5, 319.0)"
"(420.5, 420.0)","(665.5, 316.5)"
"(419.5, 423.0)","(664.5, 315.5)"
"(418.5, 424.0)","(664.5, 315.5)"
"(418.0, 427.5)","(665.5, 315.0)"
"(418.0, 430.0)","(665.5, 314.0)"
"(419.5, 431.0)","(666.0, 314.5)"
"(422.0, 432.0)","(667.0, 314.5)"
"(424.0, 434.0)","(666.5, 313.0)"
"(425.5, 434.0)","(667.5, 314.5)"
"(426.0, 435.0)","(666.5, 312.5)"
"(661.5, 315.0)","(685.0, 575.0)"
"(660.5, 316.5)","(688.0, 576.5)"
"(660.5, 316.5)","(690.0, 579.0)"
"(661.0, 316.5)","(691.5, 578.5)"
"(660.5, 316.0)","(694.0, 577.5)"
"(661.0, 316.5)","(696.5, 575.5)"
"(661.5, 317.0)","(699.0, 571.5)"
"(662.0, 317.0)","(703.5, 567.5)"
"(661.5, 317.0)","(706.0, 564.5)"
"(662.0, 317.5)","(708.0, 565.5)"
"(661.0, 317.0)","(708.5, 567.5)"
"(661.5, 317.5)","(708.0, 569.5)"
"(662.0, 318.0)","(707.0, 572.5)"
"(662.0, 319.0)","(710.0, 573.5)"
"(662.5, 319.0)","(713.5, 575.5)"
"(663.0, 318.5)","(717.0, 575.5)"
"(663.5, 319.0)","(720.5, 577.5)"
"(664.0, 319.5)","(722.5, 580.0)"
"(664.0, 319.5)","(725.0, 580.5)"
"(665.0, 319.0)","(727.5, 582.0)"
"(666.0, 320.0)","(731.0, 582.5)"
"(667.0, 320.5)","(731.5, 583.0)"
"(668.5, 319.5)","(733.5, 582.5)"
"(670.0, 320.0)","(735.5, 583.5)"
"(671.0, 318.5)","(739.0, 584.5)"
"(673.0, 316.5)","(741.0, 585.0)"
"(675.5, 316.5)","(743.0, 585.0)"
"(678.0, 314.5)","(746.0, 585.5)"
"(680.5, 314.0)","(747.5, 586.5)"
"(682.5, 313.5)","(749.5, 588.0)"
"(684.5, 308.5)","(425.0, 438.0)"
"(683.5, 308.5)","(422.0, 440.0)"
"(683.5, 309.0)","(422.0, 439.5)"
"(685.0, 309.0)","(422.0, 439.0)"
"(685.0, 310.5)","(422.5, 439.5)"
"(685.5, 310.5)","(423.0, 439.0)"
"(686.0, 312.5)","(423.5, 438.5)"
"(685.5, 313.5)","(423.0, 439.5)"
"(685.5, 314.5)","(423.0, 438.5)"
"(685.5, 315.0)","(424.0, 440.0)"
"(685.5, 315.5)","(424.0, 441.0)"
"(685.5, 316.5)","(425.0, 441.5)"
"(686.0, 315.0)","(425.0, 442.5)"
"(687.5, 315.0)","(425.0, 441.5)"
"(690.0, 314.0)","(425.5, 442.5)"
"(691.0, 314.0)","(426.0, 442.5)"
"(693.0, 314.5)","(426.5, 443.5)"
"(694.5, 314.5)","(427.0, 443.5)"
"(695.0, 312.5)","(427.5, 444.5)"
"(695.0, 310.5)","(427.5, 443.5)"
"(696.0, 307.5)","(427.5, 444.0)"
"(697.0, 300.5)","(427.5, 443.5)"
"(698.0, 298.0)","(428.5, 444.5)"
"(699.0, 297.5)","(428.5, 444.5)"
"(698.5, 296.5)","(428.5, 445.5)"
"(699.0, 297.0)","(429.0, 444.0)"
"(700.5, 297.0)","(430.0, 445.5)"
"(701.0, 297.5)","(430.0, 445.5)"
"(700.5, 297.5)","(428.0, 446.5)"
"(701.5, 297.5)","(428.0, 446.5)"
"(700.5, 298.0)","(781.0, 617.0)","(442.0, 449.0)"
"(700.5, 292.5)","(778.0, 617.5)","(442.0, 453.0)"
"(700.0, 293.5)","(774.0, 617.5)","(441.5, 456.5)"
"(702.0, 297.5)","(771.0, 617.5)","(441.5, 458.5)"
"(701.5, 300.0)","(769.0, 618.0)","(442.0, 459.0)"
"(703.0, 299.0)","(767.5, 617.5)","(442.0, 459.5)"
"(703.0, 298.5)","(766.0, 615.5)","(442.0, 461.0)"
"(702.5, 299.0)","(765.0, 616.0)","(441.0, 461.0)"
"(704.0, 299.0)","(763.0, 616.5)","(441.0, 463.0)"
"(704.5, 299.0)","(761.5, 617.0)","(439.0, 462.0)"
"(704.5, 299.0)","(760.0, 617.0)","(439.0, 463.5)"
"(704.5, 298.0)","(760.0, 617.0)","(438.0, 464.0)"
"(704.0, 298.0)","(760.0, 617.0)","(438.5, 465.0)"
"(705.0, 297.5)","(760.0, 618.0)","(437.5, 464.5)"
"(704.5, 298.0)","(762.0, 621.0)","(437.5, 464.5)"
"(705.5, 298.0)","(762.0, 621.5)","(436.5, 466.5)"
"(704.0, 297.5)","(762.0, 623.5)","(436.0, 466.0)"
"(703.0, 297.5)","(763.0, 624.0)","(436.0, 466.5)"
"(703.0, 297.5)","(763.0, 624.0)","(436.0, 466.0)"
"(703.5, 298.5)","(763.5, 624.0)","(435.0, 466.5)"
"(702.0, 297.0)","(763.5, 623.5)","(434.5, 468.0)"
"(700.5, 297.5)","(763.0, 624.0)","(434.5, 467.5)"
"(701.5, 297.5)","(762.0, 624.0)","(435.0, 467.0)"
"(701.5, 296.5)","(759.0, 622.5)","(434.0, 467.5)"
"(700.5, 296.5)","(755.5, 621.5)","(435.0, 466.0)"
"(700.0, 296.5)","(752.5, 620.5)","(434.5, 465.5)"
"(700.5, 296.5)","(752.5, 620.5)","(434.0, 465.0)"
"(700.5, 297.0)","(753.5, 617.5)","(433.5, 466.5)"
"(700.0, 297.5)","(752.0, 616.0)","(433.0, 468.5)"
"(699.5, 298.0)","(751.0, 616.5)","(433.0, 469.0)"
"(697.5, 300.5)","(422.0, 464.0)","(752.0, 619.5)"
"(697.0, 301.5)","(423.5, 463.5)","(751.5, 622.0)"
"(696.0, 302.5)","(427.5, 463.0)","(751.0, 622.5)"
"(696.0, 304.5)","(430.0, 466.5)","(751.0, 624.0)"
"(695.5, 305.5)","(431.0, 467.0)","(751.0, 624.5)"
"(694.5, 305.0)","(431.5, 467.5)","(750.0, 625.5)"
"(695.0, 305.0)","(430.5, 467.5)","(749.5, 625.5)"
"(695.0, 305.5)","(429.0, 469.0)","(748.0, 626.5)"
"(695.0, 305.5)","(428.5, 468.5)","(747.5, 626.5)"
"(694.5, 306.5)","(430.0, 468.0)","(746.5, 627.0)"
"(693.5, 306.0)","(429.5, 468.0)","(745.5, 626.5)"
"(694.0, 306.0)","(429.5, 467.5)","(744.0, 625.5)"
"(695.5, 306.5)","(429.0, 467.5)","(742.0, 624.5)"
"(695.0, 307.0)","(429.0, 466.5)","(741.0, 624.5)"
"(697.5, 307.5)","(429.5, 467.0)","(740.0, 624.0)"
"(699.5, 307.5)","(429.0, 468.0)","(739.0, 623.5)"
"(700.5, 308.5)","(428.0, 467.5)","(740.5, 624.5)"
"(700.5, 309.5)","(428.0, 467.5)","(740.0, 625.0)"
"(700.0, 310.5)","(427.0, 467.0)","(739.5, 626.0)"
"(700.0, 311.0)","(426.5, 467.5)","(739.5, 626.0)"
"(699.0, 311.5)","(425.5, 466.5)","(738.5, 626.0)"
"(698.5, 312.5)","(424.5, 466.0)","(738.5, 625.5)"
"(699.0, 312.5)","(424.5, 466.5)","(738.5, 624.5)"
"(698.5, 313.0)","(424.0, 467.5)","(739.0, 623.0)"
"(698.5, 313.0)","(423.0, 467.0)","(739.0, 621.5)"
"(698.5, 312.0)","(422.5, 467.5)","(737.5, 620.5)"
"(698.5, 312.5)","(422.5, 467.5)","(736.5, 620.5)"
"(698.5, 312.5)","(421.5, 468.0)","(736.0, 619.5)"
"(0.0, 0.0)","(0.0, 0.0)","(0.0, 0.0)"
x0,y0,x1,y1,x2,y2,x3,y3
"(628.0, 255.0)"
"(623.5, 255.5)"
"(619.0, 254.5)"
"(613.5, 253.5)"
"(611.0, 252.5)"
"(606.0, 249.0)"
"(602.5, 248.0)"
"(599.0, 247.5)"
"(595.5, 245.0)"
"(592.0, 244.0)"
"(589.0, 243.5)"
"(586.0, 243.0)"
"(583.5, 242.5)"
"(580.0, 243.0)"
"(578.0, 243.0)"
"(576.5, 242.5)"
"(575.0, 241.0)"
"(571.0, 240.5)"
"(568.5, 240.5)"
"(566.5, 240.0)"
"(562.5, 239.5)"
"(560.0, 238.5)"
"(557.0, 239.5)"
"(554.5, 239.0)"
"(551.5, 240.5)"
"(550.5, 241.5)"
"(550.5, 243.0)"
"(548.0, 244.0)"
"(514.0, 568.5)","(550.0, 242.0)","(515.5, 566.0)","(790.0, 591.0)"
"(513.5, 570.5)","(548.0, 244.0)","(515.0, 570.5)","(784.5, 592.5)"
"(515.0, 572.0)","(547.5, 246.0)","(516.0, 572.0)","(781.0, 595.5)"
"(516.0, 574.5)","(547.0, 248.0)","(517.0, 575.0)","(779.0, 599.5)"
"(519.0, 577.0)","(547.0, 249.0)","(520.0, 577.5)","(775.5, 601.0)"
"(522.0, 580.0)","(547.5, 250.5)","(522.5, 580.5)","(772.0, 600.5)"
"(525.0, 582.5)","(548.0, 252.0)","(524.5, 583.0)","(770.0, 600.0)"
"(527.0, 585.5)","(549.0, 254.0)","(526.0, 585.0)","(768.0, 601.0)"
"(528.0, 586.5)","(548.5, 255.0)","(527.5, 586.5)","(766.0, 601.5)"
"(528.5, 588.0)","(548.5, 255.0)","(528.0, 586.5)","(763.5, 604.5)"
"(529.0, 589.0)","(546.5, 256.5)","(529.5, 583.5)","(760.5, 607.5)"
"(531.5, 589.5)","(545.0, 258.0)","(532.5, 585.5)","(761.5, 606.5)"
"(534.0, 592.0)","(544.5, 259.5)","(534.5, 591.5)","(760.0, 607.0)"
"(535.5, 597.5)","(545.0, 260.5)","(535.5, 597.5)","(758.5, 609.5)"
"(535.5, 602.5)","(545.0, 261.5)","(535.0, 602.5)","(754.0, 612.0)"
"(535.0, 604.5)","(543.0, 263.0)","(534.5, 605.0)","(748.5, 613.0)"
"(534.5, 605.0)","(542.0, 263.5)","(535.0, 605.5)","(743.5, 616.0)"
"(534.5, 605.0)","(541.0, 264.0)","(534.0, 605.0)","(737.5, 617.5)"
"(534.5, 605.0)","(539.0, 265.0)","(534.0, 605.5)","(730.5, 618.5)"
"(535.5, 604.5)","(539.0, 265.5)","(534.0, 605.0)","(724.0, 619.5)"
"(534.0, 604.5)","(538.5, 266.5)","(534.0, 604.5)","(719.5, 619.5)"
"(534.0, 603.0)","(539.5, 267.0)","(535.0, 603.5)","(714.5, 617.5)"
"(534.5, 603.5)","(540.0, 268.5)","(533.5, 603.5)","(709.0, 621.0)"
"(533.5, 604.5)","(541.0, 269.5)","(534.0, 604.5)","(701.0, 621.0)"
"(532.5, 605.5)","(540.5, 272.0)","(532.0, 606.0)","(698.0, 621.0)"
"(530.5, 608.0)","(539.5, 273.0)","(530.0, 607.5)","(696.0, 620.5)"
"(528.5, 609.0)","(539.0, 275.0)","(528.0, 609.5)","(690.5, 620.5)"
"(526.0, 609.5)","(539.0, 277.0)","(525.0, 611.5)","(684.5, 620.0)"
"(520.5, 612.5)","(538.5, 278.5)","(521.5, 614.0)","(682.0, 619.0)"
"(514.5, 614.5)","(537.0, 280.5)","(515.5, 615.0)","(683.0, 616.0)"
"(543.0, 282.0)","(504.5, 615.0)"
"(537.0, 285.0)","(505.5, 613.0)"
"(534.0, 286.5)","(501.5, 612.0)"
"(532.5, 287.5)","(499.5, 612.0)"
"(530.0, 289.0)","(496.5, 613.0)"
"(527.0, 290.5)","(492.5, 612.5)"
