x,y,X1,Y1,X2,Y2,,
430.5,333,680,61,859,380.5,,
427.5,328,683,68,858,379,,
430.5,321,690,75.5,857.5,377.5,,
432.5,321,694,82.5,855.5,378.5,,
435,320.5,699,89,851,381,,
436.5,320.5,702.5,97,851.5,381,,
439.5,321.5,710,104.5,854,381.5,,
443,320,713,110.5,856,378.5,,
445.5,318.5,718,117.5,858,379,,
447,316.5,722,124.5,860,378.5,,
450.5,316,729.5,132.5,861.5,379,,
451,314,733,138,862,378.5,,
453,314,737.5,144,863,379,,
455,313,742,152,863.5,377.5,,
455.5,311,747,158,865,376.5,,
457.5,309.5,750.5,165.5,866.5,377,,
458,308,754,169,867.5,375,,
458.5,306.5,758,176,869.5,373,,
460,304.5,761.5,182,870,371.5,,
461.5,303,766,190.5,871,370.5,,
462,304,767.5,196.5,872.5,369,,
463,302.5,771.5,203,874,369,,
464,302,776.5,209,873,369,,
465.5,299,777.5,215,873,368.5,,
466,298,781,221.5,872,367,,
467.5,298.5,785,225.5,871,366,,
469,300,789.5,233.5,870,365,,
470,301.5,793,238.5,869.5,362.5,,
471,303,796.5,245.5,869,360,,
472.5,306,800.5,251.5,868.5,359.5,,
474,308.5,803.5,258,866.5,357,,
476,311,806.5,266,865,353.5,,
477.5,313,809.5,271.5,864.5,349.5,,
479.5,313.5,813,277,862.5,348.5,,
481,314,815.5,285.5,862,344.5,,
481,317,819.5,292,860,338,,
481.5,318.5,821.5,298,856,334.5,,
482,322.5,826,306,850.5,330.5,,
481.5,325.5,829,314.5,848.5,328.5,,
481,330.5,835,319.5,849.5,327,,
481,333.5,840.5,319.5,848,327,,
481.5,335.5,842,321,845.5,325,,
480,339,843,322,846.5,322,,
480.5,341.5,843.5,318.5,845,318.5,,
479.5,343.5,843.5,314,845,313,,
479.5,347,840.5,309.5,844.5,310.5,,
479,349,838.5,306.5,840.5,310,,
478.5,351.5,837,303.5,839,307.5,,
477,354.5,836.5,299.5,836,307,,
474.5,356.5,833.5,297.5,833.5,305.5,,
472.5,360,833.5,295,833,303,,
473,366,832,289.5,834,300,,
472,372,830,286.5,834.5,296.5,,
471,377.5,828.5,284,833,294.5,,
469.5,381.5,827,281.5,830.5,290.5,,
469.5,385,826,278.5,829,287.5,,
470,391,826,275.5,825.5,282.5,,
471,397,824.5,274,823.5,279.5,,
469.5,406,824,268,824,277.5,,
468,412.5,823,264,825,274.5,,
467,416.5,823.5,260,825,269.5,,
466,420,823.5,255.5,826.5,263.5,,
466.5,425.5,824.5,253.5,827,258,,
466.5,430,824.5,250.5,826.5,254,,
468,435.5,825,248,826.5,249,,
467.5,440.5,825,243,826.5,245.5,,
469,445,825.5,239.5,827,243,,
469.5,449.5,827,240,826.5,242,,
470,455.5,827.5,239.5,827,241.5,,
470.5,460,826,239,826,241.5,,
470.5,461.5,826,238,826.5,241.5,,
470,463,826.5,237.5,826.5,240.5,,
471,467.5,827.5,235.5,826,238,,
471.5,474,827.5,234.5,826,235,,
473.5,480.5,827,234.5,825,235,,
472,486.5,827,234.5,826,234,,
470.5,493.5,826.5,233,826.5,233.5,,
469.5,502.5,826,233,826,231.5,,
470,509,826.5,231.5,826,231.5,,
469.5,514,827.5,231,827.5,231,,
468.5,520.5,826.5,227.5,826.5,227.5,,
467.5,526,827,223.5,828,224.5,,
466.5,531,828,220.5,828,221,,
463,535.5,827,218.5,827,219.5,,
462,540,828,217.5,828,217.5,,
459,544,827.5,216,828,218.5,,
457.5,546,827.5,214,826,215,,
456,548,825,212.5,824.5,213.5,,
453.5,553,822.5,210.5,822.5,212,,
452.5,560,821,209,820,210.5,,
454.5,568,818,206,817,207.5,,
457,577.5,813.5,203.5,814,204.5,,
458,582,811,201.5,812,201,,
458.5,586,808,200,809,200.5,,
461,589.5,806,195.5,806.5,195.5,,
464.5,593,801,192.5,802.5,193,,
468.5,597,797,189,796.5,190.5,,
469.5,601,792,186,793,186.5,,
472,602,787,182.5,788,183,,
474,603,783.5,181,784,182,,
474.5,606.5,781,179,780.5,177.5,,
474,610,777,174,776,174.5,,
473.5,612,771.5,171.5,771.5,170.5,,
473.5,613.5,767,169.5,766.5,167.5,,
473.5,615.5,762.5,165,762.5,165.5,,
475,618.5,759,162.5,759,163,,
472.5,622,754.5,159.5,754,160.5,,
473.5,625,749,158,748.5,157.5,,
471,629,744,155,744,155,,
471,635,737,151,737.5,151.5,,
471.5,640,729.5,147.5,730.5,146.5,,
473,644,723,142.5,722,142.5,,
474,647.5,712,137,711.5,136.5,,
472.5,650.5,703.5,132.5,703.5,132.5,,
471.5,654.5,697,128,697,128.5,,
470.5,659,691.5,126,693.5,126.5,,
472,663.5,687,125,689,124.5,,
470.5,666.5,683.5,120.5,683,120.5,,
471,669,678.5,116,678.5,116,,
471.5,672,675.5,112,675,112,,
472,673.5,673,110,673,109,,
473.5,677,671,107.5,670.5,106.5,,
477,680.5,665.5,105,666.5,104,,
480,682.5,659,101,660,100,,
480.5,684,652,96,652,95.5,,
480,688,643,92.5,642.5,92,,
482.5,694,633,90,633.5,90,,
482,698.5,627,90,626,88,,
482.5,702.5,621.5,89,621.5,88,,
483,705,618,83.5,617,84.5,,
484,707,614,81,613,82,,
485.5,708.5,608.5,79,608.5,80,,
488,712,604,77.5,603,77,,
491.5,712.5,600.5,74.5,600,75.5,,
492.5,713,594.5,74.5,594.5,74.5,,
492,713,586,75,585.5,74.5,,
493,713,577.5,70.5,577,70.5,,
493.5,715,570,69,569,69,,
494.5,716,562,65.5,562,66,,
494,717.5,554,64,553.5,65.5,,
494,721,548,63.5,548,64,,
494,724,543,64.5,543,64,,
497.5,725,537,63,537,63.5,,
498.5,726,533,63.5,532.5,63.5,,
499.5,726.5,527,64.5,526.5,64.5,,
500,728,521,66,522,66,,
502,729,515,70,515,69,,
502.5,730,510.5,73.5,510,72,,
505,730.5,505,74.5,504.5,75,,
506,731,499,78,499,78,,
507,732.5,494,80,494,81,,
511,735,491,83.5,491,84,,
511.5,738,488,86,487.5,85.5,,
512.5,741,486,89,486.5,89,,
514.5,741,483.5,91.5,483,91,,
515,743,481,94,481,94,,
519,738.5,476.5,97,477.5,97.5,,
522,739.5,473,102,473,101.5,,
523,738.5,469,108,469.5,107,,
524.5,737,464.5,110.5,466.5,112.5,,
527,735,462,117,462,116,,
531,734,459.5,121.5,460.5,120.5,,
534.5,734.5,459,122.5,458,122.5,,
537.5,732.5,457.5,123.5,456.5,123.5,,
539,733.5,454,125,453.5,125,,
541.5,733.5,451,129.5,451.5,130,,
544.5,732.5,451,134.5,450.5,135,,
548,733.5,450,138.5,450.5,139,,
553,733,449,143.5,448.5,143.5,,
557,732,447.5,146.5,447.5,146.5,,
558.5,734,447,154,447.5,154,,
562.5,736.5,447.5,158.5,447,158.5,,
567.5,737.5,446.5,163,446,164,,
570,736,446,166.5,446,166.5,,
573,733,446,167,446,167.5,,
576,733,447,170,446.5,170.5,,
578.5,732,445.5,172,445.5,172,,
585.5,736,444,175.5,444,176,,
588.5,740.5,442,180.5,442,179.5,,
592,741,441.5,181.5,442,184,,
596,743.5,442,187,442,186,,
599,747.5,442.5,191,442,190,,
601.5,749,443.5,193.5,443.5,195,,
605.5,750.5,443,198,442.5,198,,
607,754,442,200.5,442,201.5,,
610.5,754,441.5,204,441,205,,
614,751,440.5,208,440,207,,
617.5,750.5,440.5,209.5,440.5,209,,
622,749,441,212,441,211,,
626,753,442.5,215,442.5,214,,
632,754.5,443.5,218,442.5,217.5,,
635,759,444.5,220.5,444,221,,
637.5,760,444,221.5,444.5,221.5,,
639.5,761.5,444.5,226,445,226.5,,
642.5,763.5,448,229.5,447,230.5,,
644,766.5,448,230.5,449,231.5,,
646.5,769.5,449,231.5,449,232,,
646,778.5,449,232.5,448.5,233,,
649,785.5,450,234,449.5,234,,
655,791.5,450.5,236.5,450.5,236,,
657.5,800,452,239,452,239.5,,
663,813,453.5,242.5,452.5,243,,
666,822.5,454,247,454,247,,
665.5,821,454.5,252.5,455,252,,
668.5,826,457.5,257,457.5,257,,
668,827,460.5,260.5,459,261.5,,
674,821,461.5,266.5,460.5,265,,
676.5,826.5,463,270,463,270,,
676.5,827.5,465.5,273.5,466.5,274,,
683,828,468.5,276,468.5,276.5,,
686,829,471,279,471,279.5,,
688.5,840,474.5,282.5,474.5,283,,
692,862.5,478.5,286.5,478,287,,
695,844,481,290,481.5,290,,
694.5,875,484.5,294,484,294.5,,
695,889.5,484.5,299.5,485,300,,
697.5,933,486.5,307,485.5,307.5,,
699,933.5,487,308,486.5,308,,
696,974.5,486.5,310,487.5,309.5,,
694,1015.5,488,314,488,314,,
694,1040.5,489,316,489.5,316,,
695.5,1075.5,491.5,318,491,317.5,,
695.5,1096,492.5,321.5,492.5,321.5,,
700,1111,494,323,494,323,,
697.5,1173,495.5,328,494,328,,
701.5,1208,495.5,332,495.5,332.5,,
702.5,1236.5,499,337,496.5,338,,
702,1312.5,502,344.5,500.5,345,,
704.5,1379,505,350.5,504,350.5,,
700.5,1463.5,507,354.5,507,354,,
702.5,1537.5,510,360.5,508.5,360,,
705,1641,509,364.5,509.5,365,,
707,1729.5,509,368,509.5,368,,
707,1759,510,372,509.5,371.5,,
704.5,1827.5,509.5,375,509,373.5,,
705.5,1732,509.5,377,509,377,,
708,1782.5,509,380.5,510.5,381,,
712,1306.5,509.5,385,510,384.5,,
714,1249.5,509,388.5,509,387.5,,
715.5,1317,508.5,394,507,392.5,,
725,1035,507,399,507.5,400,,
721.5,893.5,504.5,403.5,506.5,404,,
720,894,504.5,406,504.5,406.5,,
720,737,502.5,409.5,502.5,409.5,,
714,498.5,499,414,499.5,415.5,,
714.5,346,497.5,417.5,498.5,418.5,,
713.5,232,495.5,421.5,497,422,,
714.5,166,494.5,423.5,494.5,424,,
715.5,143.5,492.5,427.5,493,428.5,,
717.5,151.5,491,429,491.5,430.5,,
720,270,491.5,425.5,491,429.5,,
722.5,355,488,425.5,489,427,,
734,351,483,426,482.5,427.5,,
750,342,478,429.5,479,429.5,,
763,473.5,475.5,433,475,433,,
773,486.5,471.5,437.5,471,437.5,,
780.5,463.5,469.5,442.5,468.5,441.5,,
780,478.5,467.5,446,466.5,444.5,,
781,476,466,445.5,465.5,446,,
782,493.5,465.5,448,465,448.5,,
781,509,463,449.5,463.5,450.5,,
783,514,459,452.5,460,452.5,,
784.5,519.5,456,455.5,456.5,456,,
786,508.5,452.5,457.5,453,457.5,,
783.5,512.5,450.5,460,451.5,459,,
784.5,529.5,450.5,461,449,461.5,,
782.5,525.5,448,461.5,448.5,462,,
780.5,504.5,445.5,462,446,462,,
782.5,477.5,443.5,465,443,465,,
779,465.5,441.5,466.5,441.5,467,,
777.5,447,440,468,440.5,468,,
776,439,439,468,439.5,468,,
773,431.5,440,467.5,439.5,468,,
770,423.5,440,467.5,440.5,467,,
771.5,416,441,466.5,440.5,467,,
774,417.5,439.5,465.5,439.5,465.5,,
775,420.5,439,467,439,467,,
777,425,440,468.5,439.5,468.5,,
778,424.5,439.5,470.5,439.5,471,,
778.5,423.5,436.5,475.5,436.5,475,,
784.5,424,434,477.5,434,477.5,,
785.5,428,432.5,481.5,432,480.5,,
791.5,423,431,485.5,429.5,485,,
797,413.5,428,488.5,428.5,488.5,,
801,414.5,427,490.5,427.5,490,,
811.5,422,427.5,491,427.5,490.5,,
820.5,435,427.5,492,428,491,,
834.5,465,427.5,493,428.5,493,,
833,481.5,429,495.5,428.5,494,,
831.5,480,430,495.5,430,495.5,,
834,481,430.5,495,429.5,495.5,,
836,481.5,429.5,495,429.5,496,,
838.5,481,431,496,431,496,,
841,480.5,431.5,498,432,497,,
842.5,480.5,433.5,499.5,432.5,499,,
845.5,480.5,436,500.5,435,500,,
643.5,257,382,194.5,597,498,,
643,258.5,384,194,603.5,495.5,,
644,258,386,191,605,497,,
644,258,387.5,189,606.5,498.5,,
645.5,257,388.5,184.5,606.5,499,,
646,255.5,390,180.5,605,500.5,,
646,255,390.5,180.5,603.5,503,,
646.5,254,389.5,177.5,604,502.5,,
646,250,385,172,604,500.5,,
646.5,248,384.5,167,602.5,497,,
647,244,385,162.5,600,493,,
649,242,384.5,158,596.5,490,,
651,240,385,156,590,486,,
654.5,236.5,384,152.5,582.5,481.5,,
658.5,233.5,383,149,580,479.5,,
662.5,231,382,145,578,476.5,,
664,228.5,380.5,142,577,475,,
666.5,226.5,379,137,576.5,473,,
668,224,379,134.5,576.5,470,,
669.5,221,377.5,133.5,575.5,468,,
670,220.5,375.5,129,575,467,,
671,217,375,124.5,574,464.5,,
671,217,376,121.5,573.5,463,,
672,213.5,376.5,117.5,573,461.5,,
672.5,212,376,113,572.5,459.5,,
673,208,374.5,106.5,571,458,,
674,207,372.5,102,569,454.5,,
673.5,203.5,370.5,96.5,569,452.5,,
673,201.5,370,92,567.5,450,,
672.5,198.5,369.5,88,566.5,448.5,,
673,196,369.5,83.5,565,446.5,,
671.5,194,370,79,562.5,444,,
667.5,193,370,75,561.5,442,,
666.5,191.5,368.5,71,560,440,,
666.5,191,367,67.5,559,438,,
666.5,188.5,365.5,65,557,438,,
666.5,188.5,365,62,555.5,434.5,,
665.5,190,365.5,58,555.5,434.5,,
665,191,366,55.5,554,431.5,,
665,193,366.5,53.5,552.5,431,,
664,192.5,367,51.5,552.5,429.5,,
663.5,191,369,49,550,425.5,,
662.5,189.5,371.5,48.5,549.5,423,,
660,186.5,372.5,47.5,548.5,420,,
656.5,183,373.5,46,548.5,419,,
655,179,376,43,550,418,,
652.5,177,377,39,551,415.5,,
650.5,174,378.5,34.5,551,413,,
651,172,378.5,32.5,553.5,412.5,,
650.5,170.5,380,27.5,554,410,,
650,170,380.5,27,555,409.5,,
648.5,166.5,379.5,24,555.5,407,,
649,165.5,377.5,23.5,557.5,406,,
648,163,378,20.5,559.5,404.5,,
646,159.5,380,19,561,403.5,,
644,157.5,381.5,17.5,565,405,,
644,156,383,16.5,569,406.5,,
642.5,152.5,385,17,569.5,409,,
640.5,151.5,388.5,21,573,407.5,,
638,151,394.5,25.5,578.5,407,,
637,149,398,25.5,580.5,407.5,,
635.5,148.5,400,26.5,582,407.5,,
635.5,147,399,27,583,407,,
634.5,146.5,398,26.5,584.5,406.5,,
635,144,398,26.5,588,406.5,,
634.5,143,398.5,27,591,408.5,,
634,141,398.5,26.5,592,408.5,,
634,138.5,398.5,27,598.5,410.5,,
633.5,137,395.5,27.5,604,412,,
635,136.5,393.5,29,607.5,411.5,,
634.5,134,392.5,30.5,609,413.5,,
635,132,392,31.5,610.5,415,,
635.5,128,390,31,610.5,416.5,,
636.5,125,388,33.5,610.5,418,,
636.5,121,387.5,35,611.5,419.5,,
638.5,118,387,38,612,421,,
637.5,113.5,386.5,39,615.5,422,,
637.5,110.5,385.5,38,616,422.5,,
637.5,107.5,385,39.5,617,422.5,,
639,107,384.5,40.5,616.5,421.5,,
639.5,106.5,383.5,38.5,615.5,422,,
639,105.5,383.5,40,616.5,423.5,,
641,104,383,40,617,423,,
641.5,104,382.5,38,616.5,422.5,,
641,102,382.5,36,618,422,,
642,100.5,382,33.5,618,422,,
641,100,381,35.5,618.5,421.5,,
641.5,97.5,380.5,33,617.5,421.5,,
642,95.5,379.5,30.5,618.5,419.5,,
641.5,92.5,380.5,31.5,617,418,,
641,90.5,381,33,615.5,417.5,,
642,88,379,36,614,416.5,,
642,86.5,376.5,39.5,613.5,416,,
641.5,85,374.5,38.5,612.5,414.5,,
641,83.5,371.5,41.5,611,413.5,,
640.5,83.5,368,43,609.5,412,,
640.5,81.5,365,43.5,608.5,409.5,,
640.5,81,364.5,44.5,608.5,408,,
642,79.5,362.5,44,606,407.5,,
641.5,78,361.5,44.5,604.5,402.5,,
641.5,78,361.5,44.5,602,400.5,,
642,77.5,361.5,43,600.5,398,,
641.5,77,361,43,597.5,395,,
642,76.5,360.5,42.5,596.5,392.5,,
640.5,75.5,359.5,43.5,595,389.5,,
638,74.5,359,43.5,594.5,387.5,,
638,73.5,358.5,42,594,386,,
634.5,72.5,357.5,41,593.5,387.5,,
633,72.5,357,39,591.5,384.5,,
632.5,73.5,356.5,38.5,590.5,381.5,,
630.5,73,356.5,38,589.5,377.5,,
629,73,355.5,39,590.5,375.5,,
628.5,74,354.5,38,589,374,,
627,74.5,353.5,37,589.5,373.5,,
628.5,76.5,353,37.5,589.5,373.5,,
627.5,78,352.5,37,589,372.5,,
627,78.5,351,36.5,588,372,,
627.5,80.5,351,38,588.5,371.5,,
627,82,350.5,36.5,587,370.5,,
624,83.5,350,37.5,586.5,370,,
620.5,84,349,38,585.5,367,,
618,83.5,349,37,585.5,367,,
617,84.5,348.5,38,585.5,365.5,,
643.5,257,382,194.5,597,498,,
643,258.5,384,194,603.5,495.5,,
644,258,386,191,605,497,,
644,258,387.5,189,606.5,498.5,,
645.5,257,388.5,184.5,606.5,499,,
646,255.5,390,180.5,605,500.5,,
646,255,390.5,180.5,603.5,503,,
646.5,254,389.5,177.5,604,502.5,,
646,250,385,172,604,500.5,,
646.5,248,384.5,167,602.5,497,,
647,244,385,162.5,600,493,,
649,242,384.5,158,596.5,490,,
651,240,385,156,590,486,,
654.5,236.5,384,152.5,582.5,481.5,,
658.5,233.5,383,149,580,479.5,,
662.5,231,382,145,578,476.5,,
664,228.5,380.5,142,577,475,,
666.5,226.5,379,137,576.5,473,,
668,224,379,134.5,576.5,470,,
669.5,221,377.5,133.5,575.5,468,,
670,220.5,375.5,129,575,467,,
671,217,375,124.5,574,464.5,,
671,217,376,121.5,573.5,463,,
672,213.5,376.5,117.5,573,461.5,,
672.5,212,376,113,572.5,459.5,,
673,208,374.5,106.5,571,458,,
674,207,372.5,102,569,454.5,,
673.5,203.5,370.5,96.5,569,452.5,,
673,201.5,370,92,567.5,450,,
672.5,198.5,369.5,88,566.5,448.5,,
673,196,369.5,83.5,565,446.5,,
671.5,194,370,79,562.5,444,,
667.5,193,370,75,561.5,442,,
666.5,191.5,368.5,71,560,440,,
666.5,191,367,67.5,559,438,,
666.5,188.5,365.5,65,557,438,,
666.5,188.5,365,62,555.5,434.5,,
665.5,190,365.5,58,555.5,434.5,,
665,191,366,55.5,554,431.5,,
665,193,366.5,53.5,552.5,431,,
664,192.5,367,51.5,552.5,429.5,,
663.5,191,369,49,550,425.5,,
662.5,189.5,371.5,48.5,549.5,423,,
660,186.5,372.5,47.5,548.5,420,,
656.5,183,373.5,46,548.5,419,,
655,179,376,43,550,418,,
652.5,177,377,39,551,415.5,,
650.5,174,378.5,34.5,551,413,,
651,172,378.5,32.5,553.5,412.5,,
650.5,170.5,380,27.5,554,410,,
650,170,380.5,27,555,409.5,,
648.5,166.5,379.5,24,555.5,407,,
649,165.5,377.5,23.5,557.5,406,,
648,163,378,20.5,559.5,404.5,,
646,159.5,380,19,561,403.5,,
644,157.5,381.5,17.5,565,405,,
644,156,383,16.5,569,406.5,,
642.5,152.5,385,17,569.5,409,,
640.5,151.5,388.5,21,573,407.5,,
638,151,394.5,25.5,578.5,407,,
637,149,398,25.5,580.5,407.5,,
635.5,148.5,400,26.5,582,407.5,,
635.5,147,399,27,583,407,,
634.5,146.5,398,26.5,584.5,406.5,,
635,144,398,26.5,588,406.5,,
634.5,143,398.5,27,591,408.5,,
634,141,398.5,26.5,592,408.5,,
634,138.5,398.5,27,598.5,410.5,,
633.5,137,395.5,27.5,604,412,,
635,136.5,393.5,29,607.5,411.5,,
634.5,134,392.5,30.5,609,413.5,,
635,132,392,31.5,610.5,415,,
635.5,128,390,31,610.5,416.5,,
636.5,125,388,33.5,610.5,418,,
636.5,121,387.5,35,611.5,419.5,,
638.5,118,387,38,612,421,,
637.5,113.5,386.5,39,615.5,422,,
637.5,110.5,385.5,38,616,422.5,,
637.5,107.5,385,39.5,617,422.5,,
639,107,384.5,40.5,616.5,421.5,,
639.5,106.5,383.5,38.5,615.5,422,,
639,105.5,383.5,40,616.5,423.5,,
641,104,383,40,617,423,,
641.5,104,382.5,38,616.5,422.5,,
641,102,382.5,36,618,422,,
642,100.5,382,33.5,618,422,,
641,100,381,35.5,618.5,421.5,,
641.5,97.5,380.5,33,617.5,421.5,,
642,95.5,379.5,30.5,618.5,419.5,,
641.5,92.5,380.5,31.5,617,418,,
641,90.5,381,33,615.5,417.5,,
642,88,379,36,614,416.5,,
642,86.5,376.5,39.5,613.5,416,,
641.5,85,374.5,38.5,612.5,414.5,,
641,83.5,371.5,41.5,611,413.5,,
640.5,83.5,368,43,609.5,412,,
640.5,81.5,365,43.5,608.5,409.5,,
640.5,81,364.5,44.5,608.5,408,,
642,79.5,362.5,44,606,407.5,,
641.5,78,361.5,44.5,604.5,402.5,,
641.5,78,361.5,44.5,602,400.5,,
642,77.5,361.5,43,600.5,398,,
641.5,77,361,43,597.5,395,,
642,76.5,360.5,42.5,596.5,392.5,,
640.5,75.5,359.5,43.5,595,389.5,,
638,74.5,359,43.5,594.5,387.5,,
638,73.5,358.5,42,594,386,,
634.5,72.5,357.5,41,593.5,387.5,,
633,72.5,357,39,591.5,384.5,,
632.5,73.5,356.5,38.5,590.5,381.5,,
630.5,73,356.5,38,589.5,377.5,,
629,73,355.5,39,590.5,375.5,,
628.5,74,354.5,38,589,374,,
627,74.5,353.5,37,589.5,373.5,,
628.5,76.5,353,37.5,589.5,373.5,,
627.5,78,352.5,37,589,372.5,,
627,78.5,351,36.5,588,372,,
627.5,80.5,351,38,588.5,371.5,,
627,82,350.5,36.5,587,370.5,,
624,83.5,350,37.5,586.5,370,,
620.5,84,349,38,585.5,367,,
618,83.5,349,37,585.5,367,,
617,84.5,348.5,38,585.5,365.5,,
628,255,,,,,,
623.5,255.5,,,,,,
619,254.5,,,,,,
613.5,253.5,,,,,,
611,252.5,,,,,,
606,249,,,,,,
602.5,248,,,,,,
599,247.5,,,,,,
595.5,245,,,,,,
592,244,,,,,,
589,243.5,,,,,,
586,243,,,,,,
583.5,242.5,,,,,,
580,243,,,,,,
578,243,,,,,,
576.5,242.5,,,,,,
575,241,,,,,,
571,240.5,,,,,,
568.5,240.5,,,,,,
566.5,240,,,,,,
562.5,239.5,,,,,,
560,238.5,,,,,,
557,239.5,,,,,,
554.5,239,,,,,,
551.5,240.5,,,,,,
550.5,241.5,,,,,,
550.5,243,,,,,,
548,244,,,,,,
548,244.5,,,,,,
548,246,,,,,,
546,246.5,,,,,,
546.5,248.5,,,,,,
547,250,,,,,,
547.5,251,,,,,,
548,253,,,,,,
548.5,254,,,,,,
548.5,256,,,,,,
548.5,257,,,,,,
548.5,256,,,,,,
546,257.5,,,,,,
545,258.5,,,,,,
546,261,,,,,,
544,262,,,,,,
543,262.5,,,,,,
541,263.5,,,,,,
540.5,264.5,,,,,,
540,265,,,,,,
539.5,265.5,,,,,,
538.5,267.5,,,,,,
539.5,268,,,,,,
540,269.5,,,,,,
540.5,270,,,,,,
541,271.5,,,,,,
540,274,,,,,,
539,276,,,,,,
538.5,278,,,,,,
538,279.5,,,,,,
538,280.5,,,,,,
535.5,283,,,,,,
535,285,,,,,,
533.5,286.5,,,,,,
531,288.5,,,,,,
529,291,,,,,,
527,291.5,,,,,,
525,293.5,,,,,,
522.5,294,,,,,,
521.5,296.5,,,,,,
518.5,297,,,,,,
517,299.5,,,,,,
515,300.5,,,,,,
515,303.5,,,,,,
512,304,,,,,,
511,305,,,,,,
509,307,,,,,,
506.5,307.5,,,,,,
503.5,308,,,,,,
500,309,,,,,,
496,309.5,,,,,,
492,311,,,,,,
488,312,,,,,,
484,311,,,,,,
481.5,312,,,,,,
477,312,,,,,,
475,312.5,,,,,,
472,313.5,,,,,,
468.5,314,,,,,,
465.5,315.5,,,,,,
462.5,317,,,,,,
460,317,,,,,,
458,318.5,,,,,,
456.5,320,,,,,,
454.5,321,,,,,,
451.5,322.5,,,,,,
450,324,,,,,,
448,325.5,,,,,,
446,327.5,,,,,,
444,328.5,,,,,,
442.5,330.5,,,,,,
441,331,,,,,,
440.5,332.5,,,,,,
439,333.5,,,,,,
437.5,334,,,,,,
436,335.5,,,,,,
434,337.5,,,,,,
432.5,338.5,,,,,,
430,338.5,,,,,,
429,341,,,,,,
427.5,342.5,,,,,,
426,344.5,,,,,,
424,347,,,,,,
422,349,,,,,,
421,350.5,,,,,,
417.5,353,,,,,,
415.5,357,,,,,,
414,360,,,,,,
413,362.5,,,,,,
411,364,,,,,,
410,368,,,,,,
409,371.5,,,,,,
409,373.5,,,,,,
409,376.5,,,,,,
409,378.5,,,,,,
409.5,381,,,,,,
409.5,384,,,,,,
411,385.5,,,,,,
412,387.5,,,,,,
412,389,,,,,,
414,391,,,,,,
414,392,,,,,,
415.5,392.5,,,,,,
416,394,,,,,,
417,395,,,,,,
417,395.5,,,,,,
417,397,,,,,,
418,398,,,,,,
418,399,,,,,,
418.5,399,,,,,,
419,399.5,,,,,,
419,400.5,,,,,,
418.5,400,,,,,,
418.5,400,,,,,,
419,400.5,,,,,,
419,401.5,,,,,,
418,400.5,,,,,,
419,401,,,,,,
418.5,401.5,,,,,,
417,401,,,,,,
417,401,,,,,,
417,402,,,,,,
417,402,,,,,,
417,403.5,,,,,,
417,404.5,,,,,,
418,405.5,,,,,,
419,406,,,,,,
418.5,408,,,,,,
419.5,408,,,,,,
419.5,409,,,,,,
420.5,410.5,,,,,,
421,409.5,,,,,,
421,410,,,,,,
421,410.5,,,,,,
420.5,411.5,,,,,,
420.5,412,,,,,,
420.5,413.5,,,,,,
418.5,413.5,,,,,,
418.5,413.5,,,,,,
417.5,414.5,,,,,,
418,417.5,,,,,,
417,418,,,,,,
415,418.5,,,,,,
414,420.5,,,,,,
412,421.5,,,,,,
411,424.5,,,,,,
410,425.5,,,,,,
409,427.5,,,,,,
409,429.5,,,,,,
409.5,430,,,,,,
410,431,,,,,,
410.5,431,,,,,,
411,432,,,,,,
411,431.5,,,,,,
411.5,431,,,,,,
412,431.5,,,,,,
413,431,,,,,,
413.5,431.5,,,,,,
414.5,432,,,,,,
414.5,432.5,,,,,,
414.5,432,,,,,,
414.5,432,,,,,,
414.5,433,,,,,,
414.5,433.5,,,,,,
414.5,434,,,,,,
415.5,434.5,,,,,,
415.5,435,,,,,,
416.5,435.5,,,,,,
416.5,436,,,,,,
416.5,436.5,,,,,,
416.5,436,,,,,,
416.5,437.5,,,,,,
417,438.5,,,,,,
418,439,,,,,,
417.5,439,,,,,,
417.5,439,,,,,,
418.5,440,,,,,,
417.5,439,,,,,,
419.5,440,,,,,,
419,439,,,,,,
419.5,440,,,,,,
420,439.5,,,,,,
421,439.5,,,,,,
422.5,439.5,,,,,,
422.5,439.5,,,,,,
423.5,439,,,,,,
423.5,439,,,,,,
424.5,438.5,,,,,,
424.5,439.5,,,,,,
424.5,439.5,,,,,,
425.5,440,,,,,,
425.5,439.5,,,,,,
425,440.5,,,,,,
425.5,441.5,,,,,,
426,442.5,,,,,,
427,442,,,,,,
427,442.5,,,,,,
428,443.5,,,,,,
428.5,443.5,,,,,,
428.5,443.5,,,,,,
429,444,,,,,,
428.5,444,,,,,,
428.5,444,,,,,,
429.5,445,,,,,,
429.5,444,,,,,,
429.5,444,,,,,,
430.5,445,,,,,,
430.5,446,,,,,,
430.5,445,,,,,,
429.5,445,,,,,,
429.5,446.5,,,,,,
429.5,447.5,,,,,,
427.5,447,,,,,,
427.5,447.5,,,,,,
427,448.5,,,,,,
426.5,448.5,,,,,,
425.5,448.5,,,,,,
425,449.5,,,,,,
425,451.5,,,,,,
423.5,451,,,,,,
424,452.5,,,,,,
422.5,453.5,,,,,,
422,453.5,,,,,,
421.5,454.5,,,,,,
421.5,455.5,,,,,,
420.5,455.5,,,,,,
421.5,456.5,,,,,,
419.5,456.5,,,,,,
419.5,457.5,,,,,,
419,457.5,,,,,,
418,457.5,,,,,,
417.5,458.5,,,,,,
417,459,,,,,,
415,459.5,,,,,,
414.5,460.5,,,,,,
414,462.5,,,,,,
414,463,,,,,,
413.5,463.5,,,,,,
413.5,463,,,,,,
413.5,462.5,,,,,,
414,464,,,,,,
414.5,463.5,,,,,,
414,462.5,,,,,,
414.5,461.5,,,,,,
414.5,460,,,,,,
414,459.5,,,,,,
413,459,,,,,,
412,458,,,,,,
412,456.5,,,,,,
412,456,,,,,,
411,456,,,,,,
411.5,455,,,,,,
410.5,455,,,,,,
410.5,454.5,,,,,,
410,454,,,,,,
409.5,455,,,,,,
408.5,455,,,,,,
408,454.5,,,,,,
407.5,454,,,,,,
406,454,,,,,,
406,454,,,,,,
404,453,,,,,,
404,453.5,,,,,,
403,454.5,,,,,,
402.5,453.5,,,,,,
400.5,453.5,,,,,,
399.5,453,,,,,,
398.5,452.5,,,,,,
398,451.5,,,,,,
628,255,,,,,,
623.5,255.5,,,,,,
619,254.5,,,,,,
613.5,253.5,,,,,,
611,252.5,,,,,,
606,249,,,,,,
602.5,248,,,,,,
599,247.5,,,,,,
595.5,245,,,,,,
592,244,,,,,,
589,243.5,,,,,,
586,243,,,,,,
583.5,242.5,,,,,,
580,243,,,,,,
578,243,,,,,,
576.5,242.5,,,,,,
575,241,,,,,,
571,240.5,,,,,,
628,255,,,,,,
623.5,255.5,,,,,,
619,254.5,,,,,,
613.5,253.5,,,,,,
611,252.5,,,,,,
606,249,,,,,,
602.5,248,,,,,,
599,247.5,,,,,,
595.5,245,,,,,,
592,244,,,,,,
589,243.5,,,,,,
586,243,,,,,,
583.5,242.5,,,,,,
580,243,,,,,,
578,243,,,,,,
576.5,242.5,,,,,,
575,241,,,,,,
571,240.5,,,,,,
628,255,,,,,,
623.5,255.5,,,,,,
619,254.5,,,,,,
613.5,253.5,,,,,,
611,252.5,,,,,,
606,249,,,,,,
602.5,248,,,,,,
599,247.5,,,,,,
595.5,245,,,,,,
592,244,,,,,,
589,243.5,,,,,,
586,243,,,,,,
583.5,242.5,,,,,,
580,243,,,,,,
578,243,,,,,,
576.5,242.5,,,,,,
575,241,,,,,,
571,240.5,,,,,,
480,552,567,238.5,818,546,567,238.5
478,552,565,239,814,547.5,565,239
478.5,552,563,239,811.5,550,563,239
480.5,552,560,239,808.5,551,560,239
483,553,557,238,806.5,549,557,238
488,554,555,238.5,805.5,546.5,555,238.5
494,555,553,240,803.5,550.5,553,240
498,556,551,240.5,802,555.5,551,240.5
504.5,558,550.5,242,800.5,561,550.5,242
508.5,561,549,242.5,800,564,549,242.5
512,563,549,244.5,797.5,570,549,244.5
517,566,548,245,795.5,573.5,548,245
522.5,566.5,547,247,793,576,547,247
527,570,546.5,248,791,578,546.5,248
530.5,573,547.5,249,788,580,547.5,249
533.5,577.5,548,251,785,581.5,548,251
538,577,548,252,783.5,582.5,548,252
541,577.5,549,254,780,584.5,549,254
541,578.5,549,255,778,586.5,549,255
542.5,582,548.5,255.5,775.5,589,548.5,255.5
754,614,557,242,533,598.5,765.5,610.5
750.5,613,555,241,530.5,601,764,611.5
747.5,612.5,553,238.5,528.5,599,761.5,611
744.5,611.5,554.5,239,526.5,600.5,759.5,613.5
743.5,609.5,556,240.5,525.5,603,752.5,615
744.5,609.5,556.5,242,524.5,605,745,617.5
744,610.5,556.5,241,525,605,738,622
740.5,611.5,557,242,525,605,729.5,623
734.5,610.5,556.5,244.5,525,604,724.5,622.5
731,610,556.5,247,526,603.5,719,623
726,609.5,556.5,251.5,527,604,713,621.5
720.5,610,556,253,529.5,603.5,707,623.5
716.5,611.5,559,258.5,533.5,602,705,625
713,614,561,262.5,532.5,603,702,622
707,616.5,559,264,529.5,605,700.5,620.5
695.5,619,555,266.5,526,606.5,697,620.5
690,620,553,268,522.5,609,691.5,621
685.5,618.5,552.5,269.5,519.5,610,685.5,619
683.5,618,552,270.5,516,613.5,682.5,619
683.5,615,551,272.5,512.5,614.5,682.5,616.5
543,282,504.5,615,,,,
537,285,505.5,613,,,,
534,286.5,501.5,612,,,,
532.5,287.5,499.5,612,,,,
530,289,496.5,613,,,,
527,290.5,492.5,612.5,,,,
525.5,293,489,612.5,,,,
523,293.5,485.5,611.5,,,,
522,295,482,611,,,,
520,297,479.5,611,,,,
517,298.5,477,611,,,,
515,300,476,611,,,,
514,302,474,611,,,,
513,303.5,471.5,610.5,,,,
511.5,304,470,609.5,,,,
508.5,305,469,608.5,,,,
506,305,468,607,,,,
503,307,466.5,603,,,,
500,308,465.5,602.5,,,,
496,309,464.5,603.5,,,,
644,581.5,497.5,311,,,,
645.5,582,491.5,310,,,,
646,580.5,487.5,311,,,,
645,578,484,311.5,,,,
642,574,481,313.5,,,,
640,571.5,478.5,313.5,,,,
638,567.5,475,314.5,,,,
636,564.5,471.5,314.5,,,,
635.5,562,467.5,315.5,,,,
634,560.5,464,316.5,,,,
634.5,557,461,318,,,,
633.5,555,459.5,319.5,,,,
632.5,552.5,456.5,320.5,,,,
631.5,552.5,455,321.5,,,,
632,550.5,451.5,323,,,,
631,547,451,323,,,,
629,542,449,324.5,,,,
630.5,537.5,449.5,326.5,,,,
632,534,447,327,,,,
632,528,446.5,328.5,,,,
451,324,454.5,629.5,,,,
447,327,454,633.5,,,,
444,330.5,453.5,635.5,,,,
441.5,330.5,454.5,637,,,,
440,333.5,455,637,,,,
437.5,334.5,455,635,,,,
436.5,335.5,456.5,634,,,,
437,336.5,460.5,634,,,,
435,338,462.5,638,,,,
434,339.5,463,642.5,,,,
433,343,465.5,644.5,,,,
430,345,468.5,648,,,,
428.5,348.5,470,649.5,,,,
425.5,350.5,471.5,650,,,,
422.5,352.5,473,651,,,,
420.5,355.5,474,652,,,,
418.5,358,475,652.5,,,,
418,360.5,477.5,654,,,,
417.5,362.5,480,654,,,,
417.5,364.5,481.5,655,,,,
490,657,411.5,372.5,639.5,446.5,,
490.5,655.5,410,373.5,640,437.5,,
491,654.5,409,376.5,641,433,,
492.5,655,409.5,379.5,642,429.5,,
494.5,657,409.5,381,643,426.5,,
500.5,659,410.5,384,643.5,422.5,,
506.5,660,411.5,386.5,645.5,419,,
507.5,660.5,412,388,646,416.5,,
508,659.5,412.5,390,646,413,,
510,660,413.5,390.5,645,410.5,,
513,659.5,414.5,391.5,645.5,407.5,,
520.5,663.5,415,392.5,647,403.5,,
525.5,666,416,393.5,648,401,,
532,665.5,417,394.5,648,397,,
539.5,664.5,417,396.5,649,393,,
547,662,417.5,396.5,650.5,389,,
554,660,418.5,397.5,651.5,385,,
558.5,659,418.5,398,653,383,,
563,656,419,399,653.5,380.5,,
568,654,419,399.5,653.5,378.5,,
648,380.5,431,422.5,,,,
653.5,372,430,420.5,,,,
656,368,429,420.5,,,,
658,364.5,429.5,420.5,,,,
659,359.5,430,419.5,,,,
660,358,431,418.5,,,,
661,355,432,415.5,,,,
661.5,354,432.5,410.5,,,,
660.5,352,431,409,,,,
661.5,350,429,408.5,,,,
662,347,427.5,408,,,,
662.5,344.5,424.5,407.5,,,,
662,341,423.5,410.5,,,,
662.5,338.5,422.5,413.5,,,,
663,337.5,424,413.5,,,,
663.5,336,424.5,414.5,,,,
663.5,335,425.5,415.5,,,,
663.5,333.5,426,415.5,,,,
664,332.5,427.5,416,,,,
664,331.5,429,417,,,,
435,428,635,614,665,330,,
434,427,636,613,663.5,329,,
433,427.5,638.5,611,661.5,324,,
430.5,428,640.5,609.5,660,322,,
428.5,427.5,643,607.5,660,321,,
426.5,428.5,646,605.5,662,319.5,,
425.5,428.5,649.5,604.5,662,320,,
424.5,428,652.5,603.5,662.5,319,,
423.5,429,655,602.5,662.5,317.5,,
423,428.5,658,600.5,663,317,,
423,429,661,599,663.5,316.5,,
422,429.5,663,594.5,663,316.5,,
420,428,665.5,592.5,664,315,,
417.5,426,667.5,590,665,314.5,,
413.5,426,669.5,588,665,315,,
411.5,427,672,585,665,314,,
410.5,429,673,583,665,314,,
410.5,430.5,674.5,582.5,665,313.5,,
411,431,677.5,583.5,665.5,312.5,,
410.5,431.5,682,583,665.5,313.5,,
661.5,315,685,575,,,,
660.5,316.5,688,576.5,,,,
660.5,316.5,690,579,,,,
661,316.5,691.5,578.5,,,,
660.5,316,694,577.5,,,,
661,316.5,696.5,575.5,,,,
661.5,317,699,571.5,,,,
662,317,703.5,567.5,,,,
661.5,317,706,564.5,,,,
662,317.5,708,565.5,,,,
661,317,708.5,567.5,,,,
661.5,317.5,708,569.5,,,,
662,318,707,572.5,,,,
662,319,710,573.5,,,,
662.5,319,713.5,575.5,,,,
663,318.5,717,575.5,,,,
663.5,319,720.5,577.5,,,,
664,319.5,722.5,580,,,,
664,319.5,725,580.5,,,,
665,319,727.5,582,,,,
675,308.5,421,437.5,731.5,588.5,,
673.5,302,418.5,438.5,731.5,592.5,,
675,303.5,418.5,438.5,733,596.5,,
677.5,304.5,418.5,439,735,599,,
679,307,419,439,736.5,600,,
680,309.5,418.5,439,739,600,,
682.5,310,418,439,741,601.5,,
684,310,418.5,440,743.5,602.5,,
685,309,419.5,439.5,744.5,602,,
684.5,309,419.5,440.5,745,602.5,,
686,307.5,420,440,745.5,601,,
687,307.5,420.5,439,745.5,601.5,,
687,307,421,439.5,745.5,600.5,,
687.5,307.5,421.5,439.5,745,598.5,,
688.5,306,422.5,439,746.5,598,,
688,305.5,422.5,438.5,747,596,,
688.5,305.5,423,439,747,594,,
689.5,305,423.5,439,746,592,,
689.5,303.5,423.5,439.5,746,592,,
689,302,424,440.5,745,591.5,,
685.5,307,440.5,446.5,766.5,590,,
686,309,442,448.5,769,589,,
686,308.5,442.5,448,773.5,588,,
685.5,306.5,444,448.5,779,591,,
685,303.5,444,449.5,782,595.5,,
684.5,303.5,445,450.5,782.5,598,,
684.5,304,445.5,451.5,784,600.5,,
685.5,305,446.5,452.5,784.5,601.5,,
686,305.5,447,452,785.5,603,,
687,305.5,447,453.5,787,603.5,,
687.5,305,447,454,787.5,604,,
688,305,446,453.5,786.5,605,,
689,304,446.5,453.5,786,604.5,,
689.5,304,447,454.5,786,606,,
689,302,447,452.5,785.5,606.5,,
689.5,303.5,446,453,785,608,,
689.5,303,446,454.5,783,609,,
689.5,304.5,446.5,456,781.5,610,,
690,306,445.5,457,781.5,610.5,,
690.5,306,445.5,457,782.5,611.5,,
700.5,298,781,617,442,449,,
700.5,292.5,778,617.5,442,453,,
700,293.5,774,617.5,441.5,456.5,,
702,297.5,771,617.5,441.5,458.5,,
701.5,300,769,618,442,459,,
703,299,767.5,617.5,442,459.5,,
703,298.5,766,615.5,442,461,,
702.5,299,765,616,441,461,,
704,299,763,616.5,441,463,,
704.5,299,761.5,617,439,462,,
704.5,299,760,617,439,463.5,,
704.5,298,760,617,438,464,,
704,298,760,617,438.5,465,,
705,297.5,760,618,437.5,464.5,,
704.5,298,762,621,437.5,464.5,,
705.5,298,762,621.5,436.5,466.5,,
704,297.5,762,623.5,436,466,,
703,297.5,763,624,436,466.5,,
703,297.5,763,624,436,466,,
703.5,298.5,763.5,624,435,466.5,,
698.5,300.5,772,626.5,433,464,,
696.5,302.5,773.5,627,433.5,466,,
696.5,303.5,773,626.5,433,467.5,,
696,303,773,625.5,434,468,,
696,304,772,624,434.5,468,,
696.5,305.5,771.5,622.5,434.5,466.5,,
696.5,306,769.5,620,434.5,467,,
697,305,768.5,619,433,467,,
696,305,768,619,433.5,467.5,,
695,304.5,767,619,433.5,468.5,,
696,306.5,767,619.5,432.5,468.5,,
696.5,306.5,767.5,619.5,433,469.5,,
695.5,306,768,619.5,433,469,,
696,306,768,620.5,433,470,,
695.5,305.5,767.5,622,432,470,,
696,306.5,766.5,624,431.5,469.5,,
695,306.5,765,626.5,430,471,,
694.5,307.5,764,628.5,429,471,,
694.5,306.5,762.5,629.5,429,470,,
693.5,306.5,762,632,429.5,469,,
746,627,696.5,301,427.5,466,,
744,627,695,302.5,428.5,466.5,,
742,626,696,303.5,428,467,,
742,624,696,305,429,467,,
741,624,697,307,429,467,,
740,624,699,308,429,467.5,,
740,623.5,699.5,310,428,468,,
740,625,699.5,310.5,427.5,467,,
739.5,625.5,698,311,427,467.5,,
739,626.5,699,311.5,426.5,467.5,,
739,626.5,698,312,426.5,467.5,,
738,626.5,697.5,313,425.5,467.5,,
739,626,697.5,314,424,467,,
739,625,697,315,424,467.5,,
739,622,697.5,316,424,468,,
738.5,621.5,697,316.5,423,468,,
737,620,698,317,422.5,467.5,,
737,619,697.5,317.5,422,468,,
628,255,,,,,,
623.5,255.5,,,,,,
619,254.5,,,,,,
613.5,253.5,,,,,,
611,252.5,,,,,,
606,249,,,,,,
602.5,248,,,,,,
599,247.5,,,,,,
595.5,245,,,,,,
592,244,,,,,,
589,243.5,,,,,,
586,243,,,,,,
583.5,242.5,,,,,,
580,243,,,,,,
578,243,,,,,,
576.5,242.5,,,,,,
575,241,,,,,,
571,240.5,,,,,,
568.5,240.5,,,,,,
566.5,240,,,,,,
562.5,239.5,,,,,,
560,238.5,,,,,,
557,239.5,,,,,,
554.5,239,,,,,,
551.5,240.5,,,,,,
550.5,241.5,,,,,,
550.5,243,,,,,,
548,244,,,,,,
514,568.5,550,242,515.5,566,790,591
513.5,570.5,548,244,515,570.5,784.5,592.5
515,572,547.5,246,516,572,781,595.5
516,574.5,547,248,517,575,779,599.5
519,577,547,249,520,577.5,775.5,601
522,580,547.5,250.5,522.5,580.5,772,600.5
525,582.5,548,252,524.5,583,770,600
527,585.5,549,254,526,585,768,601
528,586.5,548.5,255,527.5,586.5,766,601.5
528.5,588,548.5,255,528,586.5,763.5,604.5
529,589,546.5,256.5,529.5,583.5,760.5,607.5
531.5,589.5,545,258,532.5,585.5,761.5,606.5
534,592,544.5,259.5,534.5,591.5,760,607
535.5,597.5,545,260.5,535.5,597.5,758.5,609.5
535.5,602.5,545,261.5,535,602.5,754,612
535,604.5,543,263,534.5,605,748.5,613
534.5,605,542,263.5,535,605.5,743.5,616
534.5,605,541,264,534,605,737.5,617.5
534.5,605,539,265,534,605.5,730.5,618.5
535.5,604.5,539,265.5,534,605,724,619.5
534,604.5,538.5,266.5,534,604.5,719.5,619.5
534,603,539.5,267,535,603.5,714.5,617.5
534.5,603.5,540,268.5,533.5,603.5,709,621
533.5,604.5,541,269.5,534,604.5,701,621
532.5,605.5,540.5,272,532,606,698,621
530.5,608,539.5,273,530,607.5,696,620.5
528.5,609,539,275,528,609.5,690.5,620.5
526,609.5,539,277,525,611.5,684.5,620
520.5,612.5,538.5,278.5,521.5,614,682,619
514.5,614.5,537,280.5,515.5,615,683,616
543,282,504.5,615,,,,
537,285,505.5,613,,,,
534,286.5,501.5,612,,,,
532.5,287.5,499.5,612,,,,
530,289,496.5,613,,,,
527,290.5,492.5,612.5,,,,
525.5,293,489,612.5,,,,
523,293.5,485.5,611.5,,,,
522,295,482,611,,,,
520,297,479.5,611,,,,
517,298.5,477,611,,,,
515,300,476,611,,,,
514,302,474,611,,,,
513,303.5,471.5,610.5,,,,
511.5,304,470,609.5,,,,
508.5,305,469,608.5,,,,
506,305,468,607,,,,
503,307,466.5,603,,,,
500,308,465.5,602.5,,,,
496,309,464.5,603.5,,,,
492.5,310,463,605.5,,,,
488.5,310.5,463,606.5,,,,
484.5,310.5,462,607.5,,,,
481,310.5,461,609,,,,
479,312,460.5,610.5,,,,
475,312,459.5,613.5,,,,
472.5,313,457,616.5,,,,
469,314.5,456.5,618.5,,,,
466,315.5,456,621,,,,
463,315.5,456,623.5,,,,
450.5,605,461,318.5,448,609.5,,
449.5,606,459,318.5,447.5,611,,
454.5,605,457,320,452,609,,
456,606,454.5,320.5,454.5,609,,
456,601,452.5,322,455.5,605,,
454,601.5,451,323.5,455,602,,
454.5,602,448.5,325,455,602.5,,
456.5,603,446,326.5,456,603,,
458,604,445,328,457,604,,
456.5,605.5,444,330,456.5,605,,
457,607.5,441.5,330.5,457.5,607,,
457,610,441,332,458,610,,
457,612.5,439.5,333,456.5,612,,
457,615,438,334.5,457.5,615.5,,
456.5,617.5,436.5,336,456,617.5,,
456,622.5,434,336.5,456,622,,
457.5,626.5,432.5,338.5,457.5,626,,
460,628.5,431.5,339.5,459.5,628.5,,
462,630,430,340.5,462,630.5,,
463.5,631.5,428,342.5,463.5,632.5,,
466,635,426.5,345,466,635.5,,
469.5,639,424.5,347,469.5,639.5,,
471.5,640,421.5,348,471,641.5,,
472,640,420.5,351,471.5,642,,
472.5,639,418,354,472,640.5,,
473.5,639,415.5,356.5,473.5,640,,
474,640,414,358.5,473.5,639.5,,
473.5,639,412.5,361.5,473.5,640.5,,
474,640,411.5,364.5,473.5,640.5,,
474.5,640.5,410.5,368,474.5,641,,
490,657,411.5,372.5,639.5,446.5,,
490.5,655.5,410,373.5,640,437.5,,
491,654.5,409,376.5,641,433,,
492.5,655,409.5,379.5,642,429.5,,
494.5,657,409.5,381,643,426.5,,
500.5,659,410.5,384,643.5,422.5,,
506.5,660,411.5,386.5,645.5,419,,
507.5,660.5,412,388,646,416.5,,
508,659.5,412.5,390,646,413,,
510,660,413.5,390.5,645,410.5,,
513,659.5,414.5,391.5,645.5,407.5,,
520.5,663.5,415,392.5,647,403.5,,
525.5,666,416,393.5,648,401,,
532,665.5,417,394.5,648,397,,
539.5,664.5,417,396.5,649,393,,
547,662,417.5,396.5,650.5,389,,
554,660,418.5,397.5,651.5,385,,
558.5,659,418.5,398,653,383,,
563,656,419,399,653.5,380.5,,
568,654,419,399.5,653.5,378.5,,
571.5,651.5,418.5,399.5,656.5,374.5,,
576,650.5,418.5,401,657.5,371.5,,
579.5,647.5,419,400.5,657.5,367.5,,
583,643.5,419.5,400.5,658.5,363.5,,
587.5,641.5,418.5,401,659.5,361,,
591.5,638.5,419.5,401.5,661.5,358.5,,
596,636.5,419,400.5,662.5,356,,
601,635.5,418,400.5,661.5,353.5,,
605,634,417.5,401,662.5,352,,
608.5,631.5,416.5,401,662,350,,
430.5,424.5,657,350,,,,
431.5,423.5,660.5,345.5,,,,
432,422.5,662,341.5,,,,
434,420,662.5,338.5,,,,
434,418.5,662.5,337,,,,
432.5,417,663,336.5,,,,
429.5,413.5,663,334.5,,,,
427,411,663,334,,,,
425,412,662,333,,,,
423.5,414.5,662,332,,,,
423.5,414.5,661.5,330,,,,
423,416,662,329,,,,
423,416.5,662.5,327.5,,,,
423,417,663,327,,,,
423,417,663.5,325.5,,,,
423,417.5,663,324.5,,,,
422.5,418,664,323,,,,
422,419,663.5,321.5,,,,
421.5,419.5,664,320,,,,
420.5,420.5,664.5,319,,,,
420.5,420,665.5,316.5,,,,
419.5,423,664.5,315.5,,,,
418.5,424,664.5,315.5,,,,
418,427.5,665.5,315,,,,
418,430,665.5,314,,,,
419.5,431,666,314.5,,,,
422,432,667,314.5,,,,
424,434,666.5,313,,,,
425.5,434,667.5,314.5,,,,
426,435,666.5,312.5,,,,
661.5,315,685,575,,,,
660.5,316.5,688,576.5,,,,
660.5,316.5,690,579,,,,
661,316.5,691.5,578.5,,,,
660.5,316,694,577.5,,,,
661,316.5,696.5,575.5,,,,
661.5,317,699,571.5,,,,
662,317,703.5,567.5,,,,
661.5,317,706,564.5,,,,
662,317.5,708,565.5,,,,
661,317,708.5,567.5,,,,
661.5,317.5,708,569.5,,,,
662,318,707,572.5,,,,
662,319,710,573.5,,,,
662.5,319,713.5,575.5,,,,
663,318.5,717,575.5,,,,
663.5,319,720.5,577.5,,,,
664,319.5,722.5,580,,,,
664,319.5,725,580.5,,,,
665,319,727.5,582,,,,
666,320,731,582.5,,,,
667,320.5,731.5,583,,,,
668.5,319.5,733.5,582.5,,,,
670,320,735.5,583.5,,,,
671,318.5,739,584.5,,,,
673,316.5,741,585,,,,
675.5,316.5,743,585,,,,
678,314.5,746,585.5,,,,
680.5,314,747.5,586.5,,,,
682.5,313.5,749.5,588,,,,
684.5,308.5,425,438,,,,
683.5,308.5,422,440,,,,
683.5,309,422,439.5,,,,
685,309,422,439,,,,
685,310.5,422.5,439.5,,,,
685.5,310.5,423,439,,,,
686,312.5,423.5,438.5,,,,
685.5,313.5,423,439.5,,,,
685.5,314.5,423,438.5,,,,
685.5,315,424,440,,,,
685.5,315.5,424,441,,,,
685.5,316.5,425,441.5,,,,
686,315,425,442.5,,,,
687.5,315,425,441.5,,,,
690,314,425.5,442.5,,,,
691,314,426,442.5,,,,
693,314.5,426.5,443.5,,,,
694.5,314.5,427,443.5,,,,
695,312.5,427.5,444.5,,,,
695,310.5,427.5,443.5,,,,
696,307.5,427.5,444,,,,
697,300.5,427.5,443.5,,,,
698,298,428.5,444.5,,,,
699,297.5,428.5,444.5,,,,
698.5,296.5,428.5,445.5,,,,
699,297,429,444,,,,
700.5,297,430,445.5,,,,
701,297.5,430,445.5,,,,
700.5,297.5,428,446.5,,,,
701.5,297.5,428,446.5,,,,
700.5,298,781,617,442,449,,
700.5,292.5,778,617.5,442,453,,
700,293.5,774,617.5,441.5,456.5,,
702,297.5,771,617.5,441.5,458.5,,
701.5,300,769,618,442,459,,
703,299,767.5,617.5,442,459.5,,
703,298.5,766,615.5,442,461,,
702.5,299,765,616,441,461,,
704,299,763,616.5,441,463,,
704.5,299,761.5,617,439,462,,
704.5,299,760,617,439,463.5,,
704.5,298,760,617,438,464,,
704,298,760,617,438.5,465,,
705,297.5,760,618,437.5,464.5,,
704.5,298,762,621,437.5,464.5,,
705.5,298,762,621.5,436.5,466.5,,
704,297.5,762,623.5,436,466,,
703,297.5,763,624,436,466.5,,
703,297.5,763,624,436,466,,
703.5,298.5,763.5,624,435,466.5,,
702,297,763.5,623.5,434.5,468,,
700.5,297.5,763,624,434.5,467.5,,
701.5,297.5,762,624,435,467,,
701.5,296.5,759,622.5,434,467.5,,
700.5,296.5,755.5,621.5,435,466,,
700,296.5,752.5,620.5,434.5,465.5,,
700.5,296.5,752.5,620.5,434,465,,
700.5,297,753.5,617.5,433.5,466.5,,
700,297.5,752,616,433,468.5,,
699.5,298,751,616.5,433,469,,
697.5,300.5,422,464,752,619.5,,
697,301.5,423.5,463.5,751.5,622,,
696,302.5,427.5,463,751,622.5,,
696,304.5,430,466.5,751,624,,
695.5,305.5,431,467,751,624.5,,
694.5,305,431.5,467.5,750,625.5,,
695,305,430.5,467.5,749.5,625.5,,
695,305.5,429,469,748,626.5,,
695,305.5,428.5,468.5,747.5,626.5,,
694.5,306.5,430,468,746.5,627,,
693.5,306,429.5,468,745.5,626.5,,
694,306,429.5,467.5,744,625.5,,
695.5,306.5,429,467.5,742,624.5,,
695,307,429,466.5,741,624.5,,
697.5,307.5,429.5,467,740,624,,
699.5,307.5,429,468,739,623.5,,
700.5,308.5,428,467.5,740.5,624.5,,
700.5,309.5,428,467.5,740,625,,
700,310.5,427,467,739.5,626,,
700,311,426.5,467.5,739.5,626,,
699,311.5,425.5,466.5,738.5,626,,
698.5,312.5,424.5,466,738.5,625.5,,
699,312.5,424.5,466.5,738.5,624.5,,
698.5,313,424,467.5,739,623,,
698.5,313,423,467,739,621.5,,
698.5,312,422.5,467.5,737.5,620.5,,
698.5,312.5,422.5,467.5,736.5,620.5,,
698.5,312.5,421.5,468,736,619.5,,
628,255,,,,,,
623.5,255.5,,,,,,
619,254.5,,,,,,
613.5,253.5,,,,,,
611,252.5,,,,,,
606,249,,,,,,
602.5,248,,,,,,
599,247.5,,,,,,
595.5,245,,,,,,
592,244,,,,,,
589,243.5,,,,,,
586,243,,,,,,
583.5,242.5,,,,,,
580,243,,,,,,
578,243,,,,,,
576.5,242.5,,,,,,
575,241,,,,,,
571,240.5,,,,,,
568.5,240.5,,,,,,
566.5,240,,,,,,
562.5,239.5,,,,,,
560,238.5,,,,,,
557,239.5,,,,,,
554.5,239,,,,,,
551.5,240.5,,,,,,
550.5,241.5,,,,,,
550.5,243,,,,,,
548,244,,,,,,
514,568.5,550,242,515.5,566,790,591
513.5,570.5,548,244,515,570.5,784.5,592.5
515,572,547.5,246,516,572,781,595.5
516,574.5,547,248,517,575,779,599.5
519,577,547,249,520,577.5,775.5,601
522,580,547.5,250.5,522.5,580.5,772,600.5
525,582.5,548,252,524.5,583,770,600
527,585.5,549,254,526,585,768,601
528,586.5,548.5,255,527.5,586.5,766,601.5
528.5,588,548.5,255,528,586.5,763.5,604.5
529,589,546.5,256.5,529.5,583.5,760.5,607.5
531.5,589.5,545,258,532.5,585.5,761.5,606.5
534,592,544.5,259.5,534.5,591.5,760,607
535.5,597.5,545,260.5,535.5,597.5,758.5,609.5
535.5,602.5,545,261.5,535,602.5,754,612
535,604.5,543,263,534.5,605,748.5,613
534.5,605,542,263.5,535,605.5,743.5,616
534.5,605,541,264,534,605,737.5,617.5
534.5,605,539,265,534,605.5,730.5,618.5
535.5,604.5,539,265.5,534,605,724,619.5
534,604.5,538.5,266.5,534,604.5,719.5,619.5
534,603,539.5,267,535,603.5,714.5,617.5
534.5,603.5,540,268.5,533.5,603.5,709,621
533.5,604.5,541,269.5,534,604.5,701,621
532.5,605.5,540.5,272,532,606,698,621
530.5,608,539.5,273,530,607.5,696,620.5
528.5,609,539,275,528,609.5,690.5,620.5
526,609.5,539,277,525,611.5,684.5,620
520.5,612.5,538.5,278.5,521.5,614,682,619
514.5,614.5,537,280.5,515.5,615,683,616
543,282,504.5,615,,,,
537,285,505.5,613,,,,
534,286.5,501.5,612,,,,
532.5,287.5,499.5,612,,,,
530,289,496.5,613,,,,
527,290.5,492.5,612.5,,,,
